Date,Reason,Regime,BTC_Risk,Sentiment,Live_Signal,Turnover_%,Fees_USD,Cash_%,Portfolio_Value,Trades
2021-09-13,Initial allocation,Growthâ†‘ Inflationâ†“,0.5,apathy,None,16.31,39.54,67.38,99960.46,"[{'asset': 'XAUT', 'action': 'BUY', 'delta': np.float64(16.83), 'fee': np.float64(16.83)}, {'asset': 'BTC', 'action': 'BUY', 'delta': np.float64(1.96), 'fee': np.float64(1.96)}, {'asset': 'VNINDEX', 'action': 'BUY', 'delta': np.float64(13.83), 'fee': np.float64(20.75)}]"
2021-09-15,Regime: Growthâ†‘ Inflationâ†“ â†’ Growthâ†‘ Inflationâ†‘,Growthâ†‘ Inflationâ†‘,0.5,apathy,None,6.88,19.62,63.73,100145.52,"[{'asset': 'XAUT', 'action': 'BUY', 'delta': np.float64(8.64), 'fee': np.float64(8.66)}, {'asset': 'VNINDEX', 'action': 'SELL', 'delta': np.float64(-4.38), 'fee': np.float64(10.96)}]"
2021-11-26,"Tier change: DOGE: neutralâ†’bearish, BNB: neutralâ†’bearish",Growthâ†‘ Inflationâ†‘,0.5,apathy,None,1.1,0.0,63.04,102553.43,[]
2021-12-02,Tier change: XAUT: neutralâ†’bearish,Growthâ†‘ Inflationâ†‘,0.5,apathy,None,13.11,26.31,88.55,102315.78,"[{'asset': 'BTC', 'action': 'SELL', 'delta': np.float64(-1.21), 'fee': np.float64(1.24)}, {'asset': 'XAUT', 'action': 'SELL', 'delta': np.float64(-24.5), 'fee': np.float64(25.07)}]"
2021-12-11,Tier change: XRP: neutralâ†’bearish,Growthâ†‘ Inflationâ†‘,0.5,apathy,None,14.66,30.86,59.27,102106.68,"[{'asset': 'XAUT', 'action': 'BUY', 'delta': np.float64(27.1), 'fee': np.float64(27.68)}, {'asset': 'VNINDEX', 'action': 'BUY', 'delta': np.float64(2.08), 'fee': np.float64(3.18)}]"
2021-12-25,Tier change: ETH: bearishâ†’neutral,Growthâ†‘ Inflationâ†‘,0.5,apathy,None,0.91,0.0,60.36,102749.47,[]
2021-12-30,"Tier change: LINK: neutralâ†’bearish, ETH: neutralâ†’bearish",Growthâ†‘ Inflationâ†‘,0.5,apathy,None,0.3,0.0,59.39,102938.3,[]
2022-01-04,Tier change: LINK: bearishâ†’neutral,Growthâ†‘ Inflationâ†‘,0.5,apathy,None,3.73,7.28,66.19,103127.62,"[{'asset': 'BTC', 'action': 'SELL', 'delta': np.float64(-1.43), 'fee': np.float64(1.48)}, {'asset': 'XAUT', 'action': 'SELL', 'delta': np.float64(-5.62), 'fee': np.float64(5.8)}]"
2022-01-16,Tier change: BNB: bearishâ†’neutral,Growthâ†‘ Inflationâ†‘,0.5,apathy,None,2.42,0.0,63.76,103105.81,[]
2022-01-21,Tier change: VNINDEX: neutralâ†’bearish,Growthâ†‘ Inflationâ†‘,0.5,apathy,None,8.59,36.47,73.01,103111.3,"[{'asset': 'XAUT', 'action': 'BUY', 'delta': np.float64(5.05), 'fee': np.float64(5.2)}, {'asset': 'VNINDEX', 'action': 'SELL', 'delta': np.float64(-12.13), 'fee': np.float64(31.27)}]"
2022-02-09,Tier change: BNB: bearishâ†’neutral,Growthâ†‘ Inflationâ†‘,0.5,apathy,None,6.45,17.49,60.17,103270.28,"[{'asset': 'XAUT', 'action': 'BUY', 'delta': np.float64(1.85), 'fee': np.float64(1.91)}, {'asset': 'VNINDEX', 'action': 'BUY', 'delta': np.float64(10.06), 'fee': np.float64(15.58)}]"
2022-02-23,Tier change: DOGE: neutralâ†’bearish,Growthâ†‘ Inflationâ†‘,0.5,apathy,None,0.43,0.0,61.17,104766.16,[]
2022-03-02,Tier change: ETH: bearishâ†’neutral,Growthâ†‘ Inflationâ†‘,0.5,apathy,None,7.47,31.02,73.09,104648.61,"[{'asset': 'BTC', 'action': 'BUY', 'delta': np.float64(1.19), 'fee': np.float64(1.24)}, {'asset': 'XAUT', 'action': 'SELL', 'delta': np.float64(-3.97), 'fee': np.float64(4.16)}, {'asset': 'VNINDEX', 'action': 'SELL', 'delta': np.float64(-9.79), 'fee': np.float64(25.62)}]"
2022-03-11,Tier change: VNINDEX: neutralâ†’bearish,Growthâ†‘ Inflationâ†‘,0.5,apathy,None,2.43,0.0,76.88,105519.22,[]
2022-03-18,Tier change: ETH: bearishâ†’neutral,Growthâ†‘ Inflationâ†‘,0.5,apathy,None,2.75,5.77,75.42,104781.74,"[{'asset': 'BTC', 'action': 'BUY', 'delta': np.float64(1.63), 'fee': np.float64(1.7)}, {'asset': 'XAUT', 'action': 'SELL', 'delta': np.float64(-3.88), 'fee': np.float64(4.07)}]"
2022-03-24,"Tier change: BTC: bearishâ†’neutral, XRP: bearishâ†’neutral",Growthâ†‘ Inflationâ†‘,0.5,apathy,None,1.28,0.0,72.52,105349.2,[]
2022-04-05,Tier change: VNINDEX: bearishâ†’neutral,Growthâ†‘ Inflationâ†‘,0.5,apathy,None,7.74,22.75,59.96,105268.73,"[{'asset': 'XAUT', 'action': 'BUY', 'delta': np.float64(2.92), 'fee': np.float64(3.08)}, {'asset': 'VNINDEX', 'action': 'BUY', 'delta': np.float64(12.46), 'fee': np.float64(19.68)}]"
2022-04-11,Tier change: VNINDEX: neutralâ†’bearish,Growthâ†‘ Inflationâ†‘,0.5,apathy,None,8.58,37.22,72.7,105027.6,"[{'asset': 'XAUT', 'action': 'BUY', 'delta': np.float64(2.25), 'fee': np.float64(2.37)}, {'asset': 'VNINDEX', 'action': 'SELL', 'delta': np.float64(-12.17), 'fee': np.float64(31.97)}, {'asset': 'BTC', 'action': 'SELL', 'delta': np.float64(-2.75), 'fee': np.float64(2.89)}]"
2022-04-18,Tier change: XRP: neutralâ†’bearish,Growthâ†‘ Inflationâ†‘,0.5,apathy,None,2.67,5.64,72.98,105480.61,"[{'asset': 'BTC', 'action': 'BUY', 'delta': np.float64(2.41), 'fee': np.float64(2.54)}, {'asset': 'XAUT', 'action': 'SELL', 'delta': np.float64(-2.94), 'fee': np.float64(3.1)}]"
2022-04-25,Tier change: BTC: neutralâ†’bearish,Growthâ†‘ Inflationâ†‘,0.5,apathy,None,1.58,0.0,76.87,104533.7,[]
2022-05-04,Tier change: XAUT: neutralâ†’bearish,Growthâ†‘ Inflationâ†‘,0.5,apathy,None,12.44,25.96,96.51,104348.09,"[{'asset': 'XAUT', 'action': 'SELL', 'delta': np.float64(-23.73), 'fee': np.float64(24.77)}, {'asset': 'BTC', 'action': 'BUY', 'delta': np.float64(1.14), 'fee': np.float64(1.19)}]"
2022-05-11,Tier change: BNB: neutralâ†’bearish,Growthâ†‘ Inflationâ†‘,0.5,panic,None,1.18,0.0,100.0,103246.54,[]
2022-06-12,Regime: Growthâ†‘ Inflationâ†‘ â†’ Growthâ†“ Inflationâ†‘,Growthâ†“ Inflationâ†‘,0.5,apathy,None,26.12,54.1,50.0,103518.84,"[{'asset': 'XAUT', 'action': 'BUY', 'delta': np.float64(50.0), 'fee': np.float64(51.79)}, {'asset': 'BTC', 'action': 'SELL', 'delta': np.float64(-2.24), 'fee': np.float64(2.32)}]"
2022-07-09,Tier change: LINK: bearishâ†’neutral,Growthâ†“ Inflationâ†‘,0.5,apathy,None,23.97,47.83,100.0,99736.93,"[{'asset': 'XAUT', 'action': 'SELL', 'delta': np.float64(-47.93), 'fee': np.float64(47.83)}]"
2022-07-17,Tier change: LINK: bearishâ†’neutral,Growthâ†“ Inflationâ†‘,0.5,apathy,None,0.0,0.0,100.0,99846.71,[]
2022-07-29,Tier change: ETH: bearishâ†’neutral,Growthâ†“ Inflationâ†‘,0.5,apathy,None,0.0,0.0,100.0,100014.82,[]
2022-07-31,Regime: Growthâ†“ Inflationâ†‘ â†’ Growthâ†‘ Inflationâ†‘,Growthâ†‘ Inflationâ†‘,0.5,apathy,None,5.62,15.43,88.76,100027.43,"[{'asset': 'BTC', 'action': 'BUY', 'delta': np.float64(2.87), 'fee': np.float64(2.88)}, {'asset': 'VNINDEX', 'action': 'BUY', 'delta': np.float64(8.37), 'fee': np.float64(12.56)}]"
2022-08-14,Tier change: XAUT: bearishâ†’neutral,Growthâ†‘ Inflationâ†‘,0.5,apathy,None,15.21,30.17,58.75,100908.69,"[{'asset': 'XAUT', 'action': 'BUY', 'delta': np.float64(29.89), 'fee': np.float64(30.17)}]"
2022-08-28,Tier change: ETH: neutralâ†’bearish,Growthâ†‘ Inflationâ†‘,0.205,apathy,None,17.03,33.84,83.49,99561.88,"[{'asset': 'BTC', 'action': 'BUY', 'delta': np.float64(4.84), 'fee': np.float64(4.82)}, {'asset': 'XAUT', 'action': 'SELL', 'delta': np.float64(-29.14), 'fee': np.float64(29.02)}]"
2022-09-02,Regime: Growthâ†‘ Inflationâ†‘ â†’ Growthâ†“ Inflationâ†‘,Growthâ†“ Inflationâ†‘,0.218,apathy,None,8.3,29.85,100.0,99607.0,"[{'asset': 'VNINDEX', 'action': 'SELL', 'delta': np.float64(-8.91), 'fee': np.float64(22.2)}, {'asset': 'BTC', 'action': 'SELL', 'delta': np.float64(-7.68), 'fee': np.float64(7.65)}]"
2022-09-08,Regime: Growthâ†“ Inflationâ†‘ â†’ Growthâ†‘ Inflationâ†‘,Growthâ†‘ Inflationâ†‘,0.237,apathy,None,7.73,19.04,84.54,99671.01,"[{'asset': 'BTC', 'action': 'BUY', 'delta': np.float64(8.17), 'fee': np.float64(8.14)}, {'asset': 'VNINDEX', 'action': 'BUY', 'delta': np.float64(7.28), 'fee': np.float64(10.89)}]"
2022-09-22,Tier change: XRP: neutralâ†’bearish,Growthâ†‘ Inflationâ†‘,0.221,apathy,None,3.86,17.86,91.42,99553.44,"[{'asset': 'VNINDEX', 'action': 'SELL', 'delta': np.float64(-7.17), 'fee': np.float64(17.86)}]"
2022-09-25,Regime: Growthâ†‘ Inflationâ†‘ â†’ Growthâ†“ Inflationâ†‘,Growthâ†“ Inflationâ†‘,0.221,apathy,None,3.99,7.95,100.0,99542.07,"[{'asset': 'BTC', 'action': 'SELL', 'delta': np.float64(-7.99), 'fee': np.float64(7.95)}]"
2022-10-05,Tier change: XRP: bearishâ†’neutral,Growthâ†“ Inflationâ†‘,0.343,apathy,None,25.0,49.84,50.0,99631.18,"[{'asset': 'XAUT', 'action': 'BUY', 'delta': np.float64(50.0), 'fee': np.float64(49.84)}]"
2022-10-06,Regime: Growthâ†“ Inflationâ†‘ â†’ Growthâ†‘ Inflationâ†‘,Growthâ†‘ Inflationâ†‘,0.324,apathy,None,13.52,26.89,65.54,99454.75,"[{'asset': 'BTC', 'action': 'BUY', 'delta': np.float64(5.79), 'fee': np.float64(5.76)}, {'asset': 'XAUT', 'action': 'SELL', 'delta': np.float64(-21.24), 'fee': np.float64(21.13)}]"
2022-10-12,Regime: Growthâ†‘ Inflationâ†‘ â†’ Growthâ†“ Inflationâ†‘,Growthâ†“ Inflationâ†‘,0.273,apathy,None,16.9,33.31,100.0,98515.83,"[{'asset': 'XAUT', 'action': 'SELL', 'delta': np.float64(-28.28), 'fee': np.float64(27.87)}, {'asset': 'BTC', 'action': 'SELL', 'delta': np.float64(-5.52), 'fee': np.float64(5.44)}]"
2022-10-30,Regime: Growthâ†“ Inflationâ†‘ â†’ Growthâ†‘ Inflationâ†‘,Growthâ†‘ Inflationâ†‘,0.451,apathy,None,1.88,0.0,96.24,98763.09,[]
2022-11-04,Regime: Growthâ†‘ Inflationâ†‘ â†’ Growthâ†“ Inflationâ†‘,Growthâ†“ Inflationâ†‘,0.521,apathy,None,25.0,49.42,50.0,98782.93,"[{'asset': 'XAUT', 'action': 'BUY', 'delta': np.float64(50.0), 'fee': np.float64(49.42)}]"
2022-11-12,Regime: Growthâ†“ Inflationâ†‘ â†’ Growthâ†‘ Inflationâ†‘,Growthâ†‘ Inflationâ†‘,0.384,apathy,None,13.93,28.04,66.52,100643.79,"[{'asset': 'BTC', 'action': 'BUY', 'delta': np.float64(5.22), 'fee': np.float64(5.26)}, {'asset': 'XAUT', 'action': 'SELL', 'delta': np.float64(-22.63), 'fee': np.float64(22.78)}]"
2022-12-02,Tier change: VNINDEX: bearishâ†’neutral,Growthâ†‘ Inflationâ†‘,0.446,apathy,None,6.87,19.07,57.45,101881.51,"[{'asset': 'BTC', 'action': 'SELL', 'delta': np.float64(-2.65), 'fee': np.float64(2.7)}, {'asset': 'VNINDEX', 'action': 'BUY', 'delta': np.float64(10.71), 'fee': np.float64(16.37)}]"
2023-01-14,Tier change: XAUT: neutralâ†’bullish,Growthâ†‘ Inflationâ†‘,0.546,apathy,None,15.29,30.46,27.46,103783.58,"[{'asset': 'XAUT', 'action': 'BUY', 'delta': np.float64(29.34), 'fee': np.float64(30.46)}]"
2023-01-23,Tier change: VNINDEX: neutralâ†’bullish,Growthâ†‘ Inflationâ†‘,0.549,apathy,None,4.68,13.19,18.12,104974.57,"[{'asset': 'VNINDEX', 'action': 'BUY', 'delta': np.float64(8.38), 'fee': np.float64(13.19)}]"
2023-01-31,Tier change: XAUT: bullishâ†’neutral,Growthâ†‘ Inflationâ†‘,0.57,apathy,None,20.2,50.0,59.15,104740.91,"[{'asset': 'XAUT', 'action': 'SELL', 'delta': np.float64(-35.19), 'fee': np.float64(36.88)}, {'asset': 'VNINDEX', 'action': 'SELL', 'delta': np.float64(-5.01), 'fee': np.float64(13.12)}]"
2023-02-05,Tier change: VNINDEX: bullishâ†’neutral,Growthâ†‘ Inflationâ†‘,0.594,apathy,None,3.55,16.36,65.35,103906.63,"[{'asset': 'VNINDEX', 'action': 'SELL', 'delta': np.float64(-6.3), 'fee': np.float64(16.36)}]"
2023-02-10,Tier change: ETH: bullishâ†’neutral,Growthâ†‘ Inflationâ†‘,0.553,apathy,None,0.49,0.0,65.87,103163.72,[]
2023-03-09,Tier change: BNB: neutralâ†’bearish,Growthâ†‘ Inflationâ†‘,0.48,apathy,None,1.54,0.0,64.03,102959.36,[]
2023-03-12,Regime: Growthâ†‘ Inflationâ†‘ â†’ Growthâ†“ Inflationâ†‘,Growthâ†“ Inflationâ†‘,0.532,apathy,None,17.93,48.9,50.0,104460.04,"[{'asset': 'XAUT', 'action': 'BUY', 'delta': np.float64(25.98), 'fee': np.float64(27.15)}, {'asset': 'VNINDEX', 'action': 'SELL', 'delta': np.float64(-7.28), 'fee': np.float64(19.03)}, {'asset': 'BTC', 'action': 'SELL', 'delta': np.float64(-2.6), 'fee': np.float64(2.72)}]"
2023-03-23,Regime: Growthâ†“ Inflationâ†‘ â†’ Growthâ†“ Inflationâ†“,Growthâ†“ Inflationâ†“,0.633,apathy,None,4.8,10.23,58.68,106560.08,"[{'asset': 'XAUT', 'action': 'SELL', 'delta': np.float64(-9.6), 'fee': np.float64(10.23)}]"
2023-03-31,Regime: Growthâ†“ Inflationâ†“ â†’ Growthâ†‘ Inflationâ†‘,Growthâ†‘ Inflationâ†‘,0.612,apathy,None,15.36,37.96,62.79,106259.81,"[{'asset': 'BTC', 'action': 'BUY', 'delta': np.float64(3.41), 'fee': np.float64(3.63)}, {'asset': 'XAUT', 'action': 'SELL', 'delta': np.float64(-17.31), 'fee': np.float64(18.4)}, {'asset': 'VNINDEX', 'action': 'BUY', 'delta': np.float64(9.99), 'fee': np.float64(15.94)}]"
2023-04-08,Regime: Growthâ†‘ Inflationâ†‘ â†’ Growthâ†“ Inflationâ†‘,Growthâ†“ Inflationâ†‘,0.598,apathy,None,19.57,57.83,50.0,106785.82,"[{'asset': 'XAUT', 'action': 'BUY', 'delta': np.float64(25.83), 'fee': np.float64(27.6)}, {'asset': 'VNINDEX', 'action': 'SELL', 'delta': np.float64(-9.99), 'fee': np.float64(26.68)}, {'asset': 'BTC', 'action': 'SELL', 'delta': np.float64(-3.33), 'fee': np.float64(3.55)}]"
2023-04-11,Regime: Growthâ†“ Inflationâ†‘ â†’ Growthâ†“ Inflationâ†“,Growthâ†“ Inflationâ†“,0.633,apathy,None,8.61,18.41,67.2,106867.97,"[{'asset': 'XAUT', 'action': 'SELL', 'delta': np.float64(-17.22), 'fee': np.float64(18.41)}]"
2023-04-15,Regime: Growthâ†“ Inflationâ†“ â†’ Growthâ†‘ Inflationâ†“,Growthâ†‘ Inflationâ†“,0.659,apathy,None,19.87,50.39,64.11,106750.17,"[{'asset': 'BTC', 'action': 'BUY', 'delta': np.float64(6.57), 'fee': np.float64(7.02)}, {'asset': 'XAUT', 'action': 'SELL', 'delta': np.float64(-18.29), 'fee': np.float64(19.53)}, {'asset': 'VNINDEX', 'action': 'BUY', 'delta': np.float64(14.88), 'fee': np.float64(23.84)}]"
2023-04-18,Regime: Growthâ†‘ Inflationâ†“ â†’ Growthâ†‘ Inflationâ†‘,Growthâ†‘ Inflationâ†‘,0.683,apathy,None,8.45,27.1,63.53,106969.95,"[{'asset': 'BTC', 'action': 'SELL', 'delta': np.float64(-2.59), 'fee': np.float64(2.77)}, {'asset': 'XAUT', 'action': 'BUY', 'delta': np.float64(8.68), 'fee': np.float64(9.29)}, {'asset': 'VNINDEX', 'action': 'SELL', 'delta': np.float64(-5.62), 'fee': np.float64(15.04)}]"
2023-04-27,Regime: Growthâ†‘ Inflationâ†‘ â†’ Growthâ†“ Inflationâ†“,Growthâ†“ Inflationâ†“,0.65,apathy,None,11.33,38.75,67.66,106388.07,"[{'asset': 'XAUT', 'action': 'BUY', 'delta': np.float64(9.47), 'fee': np.float64(10.07)}, {'asset': 'VNINDEX', 'action': 'SELL', 'delta': np.float64(-9.17), 'fee': np.float64(24.39)}, {'asset': 'BTC', 'action': 'SELL', 'delta': np.float64(-4.03), 'fee': np.float64(4.29)}]"
2023-05-08,Tier change: BNB: neutralâ†’bearish,Growthâ†“ Inflationâ†“,0.601,apathy,None,0.2,0.0,67.64,107210.86,[]
2023-05-17,Tier change: LINK: bearishâ†’neutral,Growthâ†“ Inflationâ†“,0.608,apathy,None,0.0,0.0,67.63,106732.44,[]
2023-05-23,Regime: Growthâ†“ Inflationâ†“ â†’ Growthâ†“ Inflationâ†‘,Growthâ†“ Inflationâ†‘,0.604,apathy,None,3.88,8.28,60.0,106607.56,"[{'asset': 'XAUT', 'action': 'BUY', 'delta': np.float64(7.76), 'fee': np.float64(8.28)}]"
2023-05-29,Tier change: BTC: bearishâ†’neutral,Growthâ†“ Inflationâ†‘,0.588,apathy,None,19.82,42.05,100.0,106023.06,"[{'asset': 'XAUT', 'action': 'SELL', 'delta': np.float64(-39.64), 'fee': np.float64(42.05)}]"
2023-06-03,Tier change: BTC: neutralâ†’bearish,Growthâ†“ Inflationâ†‘,0.559,apathy,None,0.0,0.0,100.0,106096.2,[]
2023-06-08,Regime: Growthâ†“ Inflationâ†‘ â†’ Growthâ†‘ Inflationâ†“,Growthâ†‘ Inflationâ†“,0.411,apathy,None,8.17,26.03,83.66,106144.56,"[{'asset': 'VNINDEX', 'action': 'BUY', 'delta': np.float64(16.34), 'fee': np.float64(26.03)}]"
2023-06-13,Tier change: XRP: neutralâ†’bearish,Growthâ†‘ Inflationâ†“,0.367,despair,None,9.7,31.02,63.99,106508.46,"[{'asset': 'VNINDEX', 'action': 'BUY', 'delta': np.float64(19.41), 'fee': np.float64(31.02)}]"
2023-06-22,Tier change: XRP: bearishâ†’neutral,Growthâ†‘ Inflationâ†“,0.364,panic,Re-Entry,4.41,15.12,62.26,106675.97,"[{'asset': 'BTC', 'action': 'BUY', 'delta': np.float64(5.27), 'fee': np.float64(5.62)}, {'asset': 'VNINDEX', 'action': 'SELL', 'delta': np.float64(-3.56), 'fee': np.float64(9.51)}]"
2023-07-02,Tier change: LINK: bearishâ†’neutral,Growthâ†‘ Inflationâ†“,0.386,apathy,None,8.18,42.92,78.13,106695.58,"[{'asset': 'VNINDEX', 'action': 'SELL', 'delta': np.float64(-16.08), 'fee': np.float64(42.92)}]"
2023-07-13,Regime: Growthâ†‘ Inflationâ†“ â†’ Growthâ†“ Inflationâ†“,Growthâ†“ Inflationâ†“,0.421,apathy,None,11.13,50.99,100.0,107710.82,"[{'asset': 'VNINDEX', 'action': 'SELL', 'delta': np.float64(-16.71), 'fee': np.float64(45.01)}, {'asset': 'BTC', 'action': 'SELL', 'delta': np.float64(-5.55), 'fee': np.float64(5.98)}]"
2023-07-22,Regime: Growthâ†“ Inflationâ†“ â†’ Growthâ†‘ Inflationâ†“,Growthâ†‘ Inflationâ†“,0.368,apathy,None,17.64,57.08,64.72,107788.96,"[{'asset': 'VNINDEX', 'action': 'BUY', 'delta': np.float64(35.28), 'fee': np.float64(57.08)}]"
2023-07-25,Regime: Growthâ†‘ Inflationâ†“ â†’ Growthâ†‘ Inflationâ†‘,Growthâ†‘ Inflationâ†‘,0.356,apathy,None,7.36,33.59,71.59,108104.31,"[{'asset': 'BTC', 'action': 'BUY', 'delta': np.float64(3.84), 'fee': np.float64(4.15)}, {'asset': 'VNINDEX', 'action': 'SELL', 'delta': np.float64(-10.89), 'fee': np.float64(29.44)}]"
2023-08-18,Tier change: BNB: neutralâ†’bearish,Growthâ†‘ Inflationâ†‘,0.257,apathy,None,8.83,41.84,89.83,107546.75,"[{'asset': 'VNINDEX', 'action': 'SELL', 'delta': np.float64(-14.15), 'fee': np.float64(38.07)}, {'asset': 'BTC', 'action': 'SELL', 'delta': np.float64(-3.5), 'fee': np.float64(3.77)}]"
2023-09-05,Regime: Growthâ†‘ Inflationâ†‘ â†’ Growthâ†‘ Inflationâ†“,Growthâ†‘ Inflationâ†“,0.238,apathy,None,6.15,16.52,77.11,108302.59,"[{'asset': 'BTC', 'action': 'BUY', 'delta': np.float64(6.39), 'fee': np.float64(6.93)}, {'asset': 'VNINDEX', 'action': 'BUY', 'delta': np.float64(5.91), 'fee': np.float64(9.59)}]"
2023-09-20,Tier change: LINK: bearishâ†’neutral,Growthâ†‘ Inflationâ†“,0.231,apathy,None,1.35,0.0,77.85,108345.84,[]
2023-09-22,Regime: Growthâ†‘ Inflationâ†“ â†’ Growthâ†“ Inflationâ†‘,Growthâ†“ Inflationâ†‘,0.214,apathy,None,11.17,49.95,100.0,107737.52,"[{'asset': 'VNINDEX', 'action': 'SELL', 'delta': np.float64(-16.01), 'fee': np.float64(43.13)}, {'asset': 'BTC', 'action': 'SELL', 'delta': np.float64(-6.33), 'fee': np.float64(6.82)}]"
2023-09-29,Tier change: VNINDEX: neutralâ†’bearish,Growthâ†“ Inflationâ†‘,0.241,apathy,None,0.0,0.0,100.0,107842.46,[]
2023-10-07,Tier change: BTC: neutralâ†’bearish,Growthâ†“ Inflationâ†‘,0.227,apathy,None,0.0,0.0,100.0,107963.47,[]
2023-10-17,Tier change: BTC: bearishâ†’neutral,Growthâ†“ Inflationâ†‘,0.239,apathy,None,25.0,54.06,50.0,108060.87,"[{'asset': 'XAUT', 'action': 'BUY', 'delta': np.float64(50.0), 'fee': np.float64(54.06)}]"
2023-10-22,Tier change: BNB: bearishâ†’neutral,Growthâ†“ Inflationâ†‘,0.277,apathy,None,0.31,0.0,50.0,109482.38,[]
2023-10-27,Tier change: LINK: neutralâ†’bullish,Growthâ†“ Inflationâ†‘,0.299,apathy,None,0.42,0.0,50.0,110070.62,[]
2023-11-11,Tier change: ETH: neutralâ†’bullish,Growthâ†“ Inflationâ†‘,0.438,apathy,None,4.96,10.75,60.0,108272.07,"[{'asset': 'XAUT', 'action': 'SELL', 'delta': np.float64(-9.93), 'fee': np.float64(10.75)}]"
2023-11-14,Regime: Growthâ†“ Inflationâ†‘ â†’ Growthâ†“ Inflationâ†“,Growthâ†“ Inflationâ†“,0.383,apathy,None,1.42,0.0,62.6,108768.04,[]
2023-11-23,Tier change: LINK: bullishâ†’neutral,Growthâ†“ Inflationâ†“,0.351,apathy,None,0.38,0.0,58.56,109713.43,[]
2023-12-02,Regime: Growthâ†“ Inflationâ†“ â†’ Growthâ†‘ Inflationâ†“,Growthâ†‘ Inflationâ†“,0.327,apathy,None,13.99,31.12,70.27,111237.55,"[{'asset': 'BTC', 'action': 'BUY', 'delta': np.float64(8.13), 'fee': np.float64(9.05)}, {'asset': 'XAUT', 'action': 'SELL', 'delta': np.float64(-19.84), 'fee': np.float64(22.08)}]"
2023-12-07,Regime: Growthâ†‘ Inflationâ†“ â†’ Growthâ†“ Inflationâ†“,Growthâ†“ Inflationâ†“,0.362,apathy,None,10.07,22.38,66.79,111098.1,"[{'asset': 'XAUT', 'action': 'BUY', 'delta': np.float64(11.87), 'fee': np.float64(13.19)}, {'asset': 'BTC', 'action': 'SELL', 'delta': np.float64(-8.27), 'fee': np.float64(9.19)}]"
2023-12-13,"Tier change: ETH: bullishâ†’neutral, BNB: bullishâ†’neutral",Growthâ†“ Inflationâ†“,0.462,apathy,None,0.06,0.0,66.8,110958.57,[]
2023-12-15,Regime: Growthâ†“ Inflationâ†“ â†’ Growthâ†‘ Inflationâ†“,Growthâ†‘ Inflationâ†“,0.419,apathy,None,10.03,22.24,73.94,110887.19,"[{'asset': 'BTC', 'action': 'BUY', 'delta': np.float64(6.54), 'fee': np.float64(7.26)}, {'asset': 'XAUT', 'action': 'SELL', 'delta': np.float64(-13.51), 'fee': np.float64(14.98)}]"
2023-12-29,Tier change: BTC: neutralâ†’bullish,Growthâ†‘ Inflationâ†“,0.665,apathy,None,8.33,25.79,55.74,113435.61,"[{'asset': 'BTC', 'action': 'BUY', 'delta': np.float64(2.56), 'fee': np.float64(2.91)}, {'asset': 'XAUT', 'action': 'BUY', 'delta': np.float64(1.98), 'fee': np.float64(2.25)}, {'asset': 'VNINDEX', 'action': 'BUY', 'delta': np.float64(12.12), 'fee': np.float64(20.63)}]"
2024-01-05,Tier change: DOGE: neutralâ†’bearish,Growthâ†‘ Inflationâ†“,0.69,apathy,None,2.75,5.94,61.13,113750.09,"[{'asset': 'BTC', 'action': 'SELL', 'delta': np.float64(-1.16), 'fee': np.float64(1.32)}, {'asset': 'XAUT', 'action': 'SELL', 'delta': np.float64(-4.06), 'fee': np.float64(4.62)}]"
2024-02-20,Tier change: DOGE: bearishâ†’neutral,Growthâ†‘ Inflationâ†“,0.852,apathy,None,5.7,12.77,62.36,116218.74,"[{'asset': 'BTC', 'action': 'SELL', 'delta': np.float64(-6.91), 'fee': np.float64(8.03)}, {'asset': 'XAUT', 'action': 'BUY', 'delta': np.float64(4.08), 'fee': np.float64(4.74)}]"
2024-02-26,Tier change: BTC: neutralâ†’bullish,Growthâ†‘ Inflationâ†“,0.891,apathy,None,3.14,14.75,64.7,116791.7,"[{'asset': 'BTC', 'action': 'BUY', 'delta': np.float64(2.04), 'fee': np.float64(2.39)}, {'asset': 'VNINDEX', 'action': 'SELL', 'delta': np.float64(-4.24), 'fee': np.float64(12.37)}]"
2024-03-03,Tier change: BNB: neutralâ†’bullish,Growthâ†‘ Inflationâ†“,0.908,apathy,None,1.86,0.0,64.07,117582.21,[]
2024-03-12,Tier change: XAUT: neutralâ†’bullish,Growthâ†‘ Inflationâ†“,0.931,apathy,None,9.05,21.88,52.48,121203.68,"[{'asset': 'BTC', 'action': 'SELL', 'delta': np.float64(-4.06), 'fee': np.float64(4.92)}, {'asset': 'XAUT', 'action': 'BUY', 'delta': np.float64(13.99), 'fee': np.float64(16.96)}]"
2024-03-17,Tier change: XAUT: bullishâ†’neutral,Growthâ†‘ Inflationâ†“,0.902,apathy,None,13.24,34.8,70.17,121187.94,"[{'asset': 'BTC', 'action': 'SELL', 'delta': np.float64(-1.22), 'fee': np.float64(1.48)}, {'asset': 'XAUT', 'action': 'SELL', 'delta': np.float64(-20.83), 'fee': np.float64(25.25)}, {'asset': 'VNINDEX', 'action': 'BUY', 'delta': np.float64(4.44), 'fee': np.float64(8.07)}]"
2024-03-24,Tier change: BTC: bullishâ†’neutral,Growthâ†‘ Inflationâ†“,0.889,apathy,None,2.73,7.27,66.5,121773.48,"[{'asset': 'BTC', 'action': 'SELL', 'delta': np.float64(-1.03), 'fee': np.float64(1.25)}, {'asset': 'XAUT', 'action': 'BUY', 'delta': np.float64(3.4), 'fee': np.float64(4.14)}, {'asset': 'VNINDEX', 'action': 'BUY', 'delta': np.float64(1.03), 'fee': np.float64(1.88)}]"
2024-03-30,Tier change: XAUT: neutralâ†’bullish,Growthâ†‘ Inflationâ†“,0.892,apathy,None,8.99,21.35,49.29,122472.48,"[{'asset': 'XAUT', 'action': 'BUY', 'delta': np.float64(17.43), 'fee': np.float64(21.35)}]"
2024-04-14,Tier change: DOGE: neutralâ†’bearish,Growthâ†‘ Inflationâ†“,0.856,apathy,None,4.58,12.99,48.96,126000.19,"[{'asset': 'XAUT', 'action': 'SELL', 'delta': np.float64(-5.33), 'fee': np.float64(6.71)}, {'asset': 'VNINDEX', 'action': 'BUY', 'delta': np.float64(3.32), 'fee': np.float64(6.28)}]"
2024-04-21,Tier change: VNINDEX: neutralâ†’bearish,Growthâ†‘ Inflationâ†“,0.859,apathy,None,17.41,72.52,82.94,124037.84,"[{'asset': 'BTC', 'action': 'BUY', 'delta': np.float64(1.07), 'fee': np.float64(1.33)}, {'asset': 'XAUT', 'action': 'SELL', 'delta': np.float64(-18.0), 'fee': np.float64(22.33)}, {'asset': 'VNINDEX', 'action': 'SELL', 'delta': np.float64(-15.75), 'fee': np.float64(48.85)}]"
2024-04-23,Regime: Growthâ†‘ Inflationâ†“ â†’ Growthâ†‘ Inflationâ†‘,Growthâ†‘ Inflationâ†‘,0.874,apathy,None,4.66,11.53,76.17,123732.63,"[{'asset': 'BTC', 'action': 'SELL', 'delta': np.float64(-1.17), 'fee': np.float64(1.44)}, {'asset': 'XAUT', 'action': 'BUY', 'delta': np.float64(8.15), 'fee': np.float64(10.09)}]"
2024-05-02,"Tier change: XRP: neutralâ†’bearish, ETH: neutralâ†’bearish",Growthâ†‘ Inflationâ†‘,0.833,apathy,None,6.35,22.9,63.72,123452.98,"[{'asset': 'VNINDEX', 'action': 'BUY', 'delta': np.float64(12.36), 'fee': np.float64(22.9)}]"
2024-05-07,Regime: Growthâ†‘ Inflationâ†‘ â†’ Growthâ†‘ Inflationâ†“,Growthâ†‘ Inflationâ†“,0.841,apathy,None,7.11,20.74,64.53,123916.91,"[{'asset': 'BTC', 'action': 'BUY', 'delta': np.float64(1.72), 'fee': np.float64(2.13)}, {'asset': 'XAUT', 'action': 'SELL', 'delta': np.float64(-7.45), 'fee': np.float64(9.23)}, {'asset': 'VNINDEX', 'action': 'BUY', 'delta': np.float64(5.05), 'fee': np.float64(9.39)}]"
2024-05-17,Tier change: ETH: bearishâ†’neutral,Growthâ†‘ Inflationâ†“,0.835,apathy,None,1.05,0.0,63.23,125265.79,[]
2024-05-22,Tier change: XRP: bearishâ†’neutral,Growthâ†‘ Inflationâ†“,0.865,apathy,None,2.57,0.0,69.05,125411.36,[]
2024-05-29,Tier change: LINK: bearishâ†’neutral,Growthâ†‘ Inflationâ†“,0.835,apathy,None,0.33,0.0,64.79,125007.02,[]
2024-06-05,Tier change: DOGE: bearishâ†’neutral,Growthâ†‘ Inflationâ†“,0.901,apathy,None,4.8,21.0,66.09,126306.13,"[{'asset': 'BTC', 'action': 'SELL', 'delta': np.float64(-1.39), 'fee': np.float64(1.76)}, {'asset': 'XAUT', 'action': 'BUY', 'delta': np.float64(3.54), 'fee': np.float64(4.47)}, {'asset': 'VNINDEX', 'action': 'SELL', 'delta': np.float64(-4.68), 'fee': np.float64(14.77)}]"
2024-06-11,"Tier change: ETH: neutralâ†’bearish, BNB: neutralâ†’bearish",Growthâ†‘ Inflationâ†“,0.822,apathy,None,2.39,0.0,68.53,125451.95,[]
2024-06-15,Regime: Growthâ†‘ Inflationâ†“ â†’ Growthâ†“ Inflationâ†“,Growthâ†“ Inflationâ†“,0.828,apathy,None,19.13,72.95,59.63,125579.66,"[{'asset': 'XAUT', 'action': 'BUY', 'delta': np.float64(22.58), 'fee': np.float64(28.37)}, {'asset': 'VNINDEX', 'action': 'SELL', 'delta': np.float64(-13.2), 'fee': np.float64(41.45)}, {'asset': 'BTC', 'action': 'SELL', 'delta': np.float64(-2.49), 'fee': np.float64(3.13)}]"
2024-06-22,Regime: Growthâ†“ Inflationâ†“ â†’ Growthâ†‘ Inflationâ†“,Growthâ†‘ Inflationâ†“,0.801,apathy,None,20.88,63.41,66.17,125246.56,"[{'asset': 'XAUT', 'action': 'SELL', 'delta': np.float64(-24.05), 'fee': np.float64(30.14)}, {'asset': 'VNINDEX', 'action': 'BUY', 'delta': np.float64(17.7), 'fee': np.float64(33.27)}]"
2024-06-26,Regime: Growthâ†‘ Inflationâ†“ â†’ Growthâ†“ Inflationâ†“,Growthâ†“ Inflationâ†“,0.778,apathy,None,16.76,74.51,100.0,124637.0,"[{'asset': 'XAUT', 'action': 'SELL', 'delta': np.float64(-16.02), 'fee': np.float64(19.98)}, {'asset': 'VNINDEX', 'action': 'SELL', 'delta': np.float64(-17.49), 'fee': np.float64(54.53)}]"
2024-06-29,Regime: Growthâ†“ Inflationâ†“ â†’ Growthâ†‘ Inflationâ†“,Growthâ†‘ Inflationâ†“,0.773,apathy,None,9.05,22.57,81.9,124665.47,"[{'asset': 'BTC', 'action': 'BUY', 'delta': np.float64(1.96), 'fee': np.float64(2.44)}, {'asset': 'XAUT', 'action': 'BUY', 'delta': np.float64(16.14), 'fee': np.float64(20.13)}]"
2024-07-15,Tier change: DOGE: bearishâ†’neutral,Growthâ†‘ Inflationâ†“,0.782,apathy,None,7.72,28.29,65.97,125802.64,"[{'asset': 'XAUT', 'action': 'BUY', 'delta': np.float64(1.22), 'fee': np.float64(1.54)}, {'asset': 'VNINDEX', 'action': 'BUY', 'delta': np.float64(14.17), 'fee': np.float64(26.75)}]"
2024-07-25,Tier change: VNINDEX: neutralâ†’bearish,Growthâ†‘ Inflationâ†“,0.751,apathy,None,8.67,46.96,83.84,124844.15,"[{'asset': 'XAUT', 'action': 'SELL', 'delta': np.float64(-3.21), 'fee': np.float64(4.0)}, {'asset': 'VNINDEX', 'action': 'SELL', 'delta': np.float64(-13.76), 'fee': np.float64(42.95)}]"
2024-08-04,Regime: Growthâ†‘ Inflationâ†“ â†’ Growthâ†“ Inflationâ†“,Growthâ†“ Inflationâ†“,0.698,apathy,None,13.57,34.0,59.55,125238.68,"[{'asset': 'XAUT', 'action': 'BUY', 'delta': np.float64(25.45), 'fee': np.float64(31.88)}, {'asset': 'BTC', 'action': 'SELL', 'delta': np.float64(-1.7), 'fee': np.float64(2.13)}]"
2024-08-17,Regime: Growthâ†“ Inflationâ†“ â†’ Growthâ†‘ Inflationâ†“,Growthâ†‘ Inflationâ†“,0.722,apathy,None,12.82,32.52,79.35,126825.89,"[{'asset': 'BTC', 'action': 'BUY', 'delta': np.float64(2.59), 'fee': np.float64(3.29)}, {'asset': 'XAUT', 'action': 'SELL', 'delta': np.float64(-23.04), 'fee': np.float64(29.23)}]"
2024-08-25,Tier change: VNINDEX: bearishâ†’neutral,Growthâ†‘ Inflationâ†“,0.73,apathy,None,10.98,39.01,64.98,127027.6,"[{'asset': 'XAUT', 'action': 'SELL', 'delta': np.float64(-3.51), 'fee': np.float64(4.45)}, {'asset': 'VNINDEX', 'action': 'BUY', 'delta': np.float64(18.13), 'fee': np.float64(34.56)}]"
2024-09-08,Regime: Growthâ†‘ Inflationâ†“ â†’ Growthâ†“ Inflationâ†“,Growthâ†“ Inflationâ†“,0.67,apathy,None,19.16,82.7,67.68,126369.0,"[{'asset': 'XAUT', 'action': 'BUY', 'delta': np.float64(17.86), 'fee': np.float64(22.59)}, {'asset': 'VNINDEX', 'action': 'SELL', 'delta': np.float64(-18.05), 'fee': np.float64(57.07)}, {'asset': 'BTC', 'action': 'SELL', 'delta': np.float64(-2.41), 'fee': np.float64(3.05)}]"
2024-09-12,Regime: Growthâ†“ Inflationâ†“ â†’ Growthâ†‘ Inflationâ†“,Growthâ†‘ Inflationâ†“,0.704,apathy,None,8.53,21.71,79.77,127292.34,"[{'asset': 'BTC', 'action': 'BUY', 'delta': np.float64(2.25), 'fee': np.float64(2.86)}, {'asset': 'XAUT', 'action': 'SELL', 'delta': np.float64(-14.8), 'fee': np.float64(18.85)}]"
2024-09-21,Tier change: LINK: bearishâ†’neutral,Growthâ†‘ Inflationâ†“,0.732,apathy,None,1.2,0.0,77.72,128352.36,[]
2024-09-29,Tier change: VNINDEX: bearishâ†’neutral,Growthâ†‘ Inflationâ†“,0.724,apathy,None,10.09,36.82,60.11,128761.43,"[{'asset': 'BTC', 'action': 'BUY', 'delta': np.float64(1.47), 'fee': np.float64(1.89)}, {'asset': 'VNINDEX', 'action': 'BUY', 'delta': np.float64(18.08), 'fee': np.float64(34.93)}]"
2024-10-04,"Tier change: LINK: neutralâ†’bearish, BNB: neutralâ†’bearish",Growthâ†‘ Inflationâ†“,0.681,apathy,None,12.92,67.47,85.66,128035.25,"[{'asset': 'XAUT', 'action': 'SELL', 'delta': np.float64(-4.3), 'fee': np.float64(5.51)}, {'asset': 'VNINDEX', 'action': 'SELL', 'delta': np.float64(-17.89), 'fee': np.float64(57.28)}, {'asset': 'BTC', 'action': 'SELL', 'delta': np.float64(-3.66), 'fee': np.float64(4.68)}]"
2024-10-13,Tier change: VNINDEX: bearishâ†’neutral,Growthâ†‘ Inflationâ†“,0.684,apathy,None,9.97,37.16,65.74,128128.05,"[{'asset': 'XAUT', 'action': 'BUY', 'delta': np.float64(1.83), 'fee': np.float64(2.35)}, {'asset': 'VNINDEX', 'action': 'BUY', 'delta': np.float64(18.11), 'fee': np.float64(34.81)}]"
2024-10-25,Tier change: VNINDEX: neutralâ†’bearish,Growthâ†‘ Inflationâ†“,0.667,apathy,None,9.95,59.38,85.62,128326.29,"[{'asset': 'XAUT', 'action': 'SELL', 'delta': np.float64(-2.33), 'fee': np.float64(2.99)}, {'asset': 'VNINDEX', 'action': 'SELL', 'delta': np.float64(-17.57), 'fee': np.float64(56.4)}]"
2024-11-02,Tier change: BTC: neutralâ†’bearish,Growthâ†‘ Inflationâ†“,0.649,apathy,None,0.04,0.0,85.6,128386.0,[]
2024-11-08,"Tier change: BTC: bearishâ†’neutral, XRP: bearishâ†’neutral, DOGE: bearishâ†’neutral",Growthâ†‘ Inflationâ†“,0.679,apathy,None,9.41,24.09,95.14,127932.71,"[{'asset': 'XAUT', 'action': 'SELL', 'delta': np.float64(-13.97), 'fee': np.float64(17.87)}, {'asset': 'BTC', 'action': 'BUY', 'delta': np.float64(4.86), 'fee': np.float64(6.22)}]"
2024-11-16,Regime: Growthâ†‘ Inflationâ†“ â†’ Growthâ†“ Inflationâ†“,Growthâ†“ Inflationâ†“,0.705,apathy,None,2.52,6.47,100.0,128315.82,"[{'asset': 'BTC', 'action': 'SELL', 'delta': np.float64(-5.04), 'fee': np.float64(6.47)}]"
2024-11-21,Tier change: ETH: neutralâ†’bullish,Growthâ†“ Inflationâ†“,0.695,apathy,None,0.0,0.0,100.0,128405.36,[]
2024-11-24,Regime: Growthâ†“ Inflationâ†“ â†’ Growthâ†‘ Inflationâ†“,Growthâ†‘ Inflationâ†“,0.748,apathy,None,2.65,6.8,94.7,128452.57,"[{'asset': 'BTC', 'action': 'BUY', 'delta': np.float64(5.3), 'fee': np.float64(6.8)}]"
2024-12-04,Tier change: LINK: neutralâ†’bullish,Growthâ†‘ Inflationâ†“,0.79,apathy,None,0.68,0.0,95.47,129436.14,[]
2024-12-08,Regime: Growthâ†‘ Inflationâ†“ â†’ Growthâ†“ Inflationâ†“,Growthâ†“ Inflationâ†“,0.784,apathy,None,2.96,7.66,100.0,129538.47,"[{'asset': 'BTC', 'action': 'SELL', 'delta': np.float64(-5.91), 'fee': np.float64(7.66)}]"
2024-12-20,"Tier change: LINK: bullishâ†’neutral, DOGE: bullishâ†’neutral",Growthâ†“ Inflationâ†“,0.716,apathy,None,0.0,0.0,100.0,129755.76,[]
2025-01-07,Tier change: VNINDEX: neutralâ†’bearish,Growthâ†“ Inflationâ†“,0.724,apathy,None,0.0,0.0,100.0,130083.59,[]
2025-01-21,Regime: Growthâ†“ Inflationâ†“ â†’ Growthâ†‘ Inflationâ†“,Growthâ†‘ Inflationâ†“,0.68,apathy,None,7.34,19.13,85.32,130320.02,"[{'asset': 'BTC', 'action': 'BUY', 'delta': np.float64(2.87), 'fee': np.float64(3.74)}, {'asset': 'XAUT', 'action': 'BUY', 'delta': np.float64(11.81), 'fee': np.float64(15.39)}]"
2025-01-27,Tier change: VNINDEX: bearishâ†’neutral,Growthâ†‘ Inflationâ†“,0.653,apathy,None,11.49,43.31,66.59,130323.8,"[{'asset': 'XAUT', 'action': 'SELL', 'delta': np.float64(-2.11), 'fee': np.float64(2.75)}, {'asset': 'VNINDEX', 'action': 'BUY', 'delta': np.float64(20.74), 'fee': np.float64(40.56)}]"
2025-02-03,Tier change: BTC: neutralâ†’bearish,Growthâ†‘ Inflationâ†“,0.55,apathy,None,4.39,19.29,71.24,130224.83,"[{'asset': 'BTC', 'action': 'SELL', 'delta': np.float64(-2.56), 'fee': np.float64(3.34)}, {'asset': 'XAUT', 'action': 'BUY', 'delta': np.float64(2.19), 'fee': np.float64(2.85)}, {'asset': 'VNINDEX', 'action': 'SELL', 'delta': np.float64(-4.02), 'fee': np.float64(13.1)}]"
2025-02-17,Tier change: BTC: bearishâ†’neutral,Growthâ†‘ Inflationâ†“,0.604,apathy,None,4.79,15.12,67.23,131171.39,"[{'asset': 'BTC', 'action': 'BUY', 'delta': np.float64(2.68), 'fee': np.float64(3.52)}, {'asset': 'XAUT', 'action': 'SELL', 'delta': np.float64(-2.98), 'fee': np.float64(3.9)}, {'asset': 'VNINDEX', 'action': 'BUY', 'delta': np.float64(3.91), 'fee': np.float64(7.7)}]"
2025-02-26,"Tier change: BTC: neutralâ†’bearish, LINK: neutralâ†’bearish",Growthâ†‘ Inflationâ†“,0.527,apathy,None,1.46,0.0,69.98,131692.68,[]
2025-03-04,Regime: Growthâ†‘ Inflationâ†“ â†’ Growthâ†“ Inflationâ†“,Growthâ†“ Inflationâ†“,0.494,apathy,None,22.31,100.56,69.32,131710.29,"[{'asset': 'XAUT', 'action': 'BUY', 'delta': np.float64(21.18), 'fee': np.float64(27.91)}, {'asset': 'VNINDEX', 'action': 'SELL', 'delta': np.float64(-21.11), 'fee': np.float64(69.57)}, {'asset': 'BTC', 'action': 'SELL', 'delta': np.float64(-2.34), 'fee': np.float64(3.08)}]"
2025-03-10,Tier change: VNINDEX: neutralâ†’bullish,Growthâ†“ Inflationâ†“,0.462,apathy,None,0.12,0.0,69.36,131291.45,[]
2025-03-16,Tier change: DOGE: bearishâ†’neutral,Growthâ†“ Inflationâ†“,0.512,apathy,None,3.53,9.38,61.77,132856.09,"[{'asset': 'XAUT', 'action': 'BUY', 'delta': np.float64(7.06), 'fee': np.float64(9.38)}]"
2025-03-19,Regime: Growthâ†“ Inflationâ†“ â†’ Growthâ†‘ Inflationâ†“,Growthâ†‘ Inflationâ†“,0.53,apathy,None,22.62,71.59,70.84,133903.42,"[{'asset': 'BTC', 'action': 'BUY', 'delta': np.float64(1.47), 'fee': np.float64(1.97)}, {'asset': 'XAUT', 'action': 'SELL', 'delta': np.float64(-27.4), 'fee': np.float64(36.71)}, {'asset': 'VNINDEX', 'action': 'BUY', 'delta': np.float64(16.37), 'fee': np.float64(32.9)}]"
2025-03-25,Tier change: BTC: bearishâ†’neutral,Growthâ†‘ Inflationâ†“,0.528,apathy,None,11.82,44.31,52.49,133905.86,"[{'asset': 'XAUT', 'action': 'SELL', 'delta': np.float64(-2.63), 'fee': np.float64(3.52)}, {'asset': 'VNINDEX', 'action': 'BUY', 'delta': np.float64(20.3), 'fee': np.float64(40.78)}]"
2025-03-30,"Tier change: BTC: neutralâ†’bearish, LINK: neutralâ†’bearish",Growthâ†‘ Inflationâ†“,0.477,apathy,None,11.72,71.72,73.08,133565.97,"[{'asset': 'BTC', 'action': 'SELL', 'delta': np.float64(-1.43), 'fee': np.float64(1.91)}, {'asset': 'XAUT', 'action': 'BUY', 'delta': np.float64(1.85), 'fee': np.float64(2.48)}, {'asset': 'VNINDEX', 'action': 'SELL', 'delta': np.float64(-20.15), 'fee': np.float64(67.33)}]"
2025-04-05,Tier change: XAUT: bullishâ†’neutral,Growthâ†‘ Inflationâ†“,0.456,apathy,None,9.46,54.89,85.59,131640.55,"[{'asset': 'XAUT', 'action': 'BUY', 'delta': np.float64(3.76), 'fee': np.float64(4.95)}, {'asset': 'VNINDEX', 'action': 'SELL', 'delta': np.float64(-15.17), 'fee': np.float64(49.94)}]"
2025-04-06,Regime: Growthâ†‘ Inflationâ†“ â†’ Growthâ†“ Inflationâ†“,Growthâ†“ Inflationâ†“,0.424,apathy,None,9.1,23.88,67.67,131210.45,"[{'asset': 'XAUT', 'action': 'BUY', 'delta': np.float64(18.2), 'fee': np.float64(23.88)}]"
2025-04-18,Tier change: XAUT: neutralâ†’bullish,Growthâ†“ Inflationâ†“,0.444,apathy,None,23.59,64.32,18.05,136286.31,"[{'asset': 'XAUT', 'action': 'BUY', 'delta': np.float64(47.18), 'fee': np.float64(64.32)}]"
2025-04-23,Tier change: ETH: bearishâ†’neutral,Growthâ†“ Inflationâ†“,0.459,apathy,None,24.56,66.64,67.27,135599.81,"[{'asset': 'XAUT', 'action': 'SELL', 'delta': np.float64(-49.12), 'fee': np.float64(66.64)}]"
2025-04-28,Tier change: BTC: bearishâ†’neutral,Growthâ†“ Inflationâ†“,0.455,apathy,None,0.04,0.0,67.31,135751.29,[]
2025-05-06,Tier change: DOGE: neutralâ†’bearish,Growthâ†“ Inflationâ†“,0.44,apathy,None,3.64,9.96,59.53,136749.56,"[{'asset': 'XAUT', 'action': 'BUY', 'delta': np.float64(7.28), 'fee': np.float64(9.96)}]"
2025-05-11,Tier change: VNINDEX: bearishâ†’neutral,Growthâ†“ Inflationâ†“,0.512,apathy,None,3.51,9.47,67.39,134918.44,"[{'asset': 'XAUT', 'action': 'SELL', 'delta': np.float64(-7.02), 'fee': np.float64(9.47)}]"
2025-05-28,Tier change: DOGE: neutralâ†’bearish,Growthâ†“ Inflationâ†“,0.558,apathy,None,0.02,0.0,67.59,134916.83,[]
2025-05-31,Regime: Growthâ†“ Inflationâ†“ â†’ Growthâ†‘ Inflationâ†“,Growthâ†‘ Inflationâ†“,0.506,apathy,None,29.39,102.18,44.4,135148.42,"[{'asset': 'BTC', 'action': 'BUY', 'delta': np.float64(7.35), 'fee': np.float64(9.95)}, {'asset': 'XAUT', 'action': 'SELL', 'delta': np.float64(-17.88), 'fee': np.float64(24.18)}, {'asset': 'VNINDEX', 'action': 'BUY', 'delta': np.float64(33.54), 'fee': np.float64(68.05)}]"
2025-06-10,Tier change: VNINDEX: bullishâ†’neutral,Growthâ†‘ Inflationâ†“,0.515,apathy,None,10.32,64.59,60.68,135076.37,"[{'asset': 'BTC', 'action': 'BUY', 'delta': np.float64(2.21), 'fee': np.float64(2.98)}, {'asset': 'VNINDEX', 'action': 'SELL', 'delta': np.float64(-18.24), 'fee': np.float64(61.61)}]"
2025-06-22,Tier change: BTC: neutralâ†’bearish,Growthâ†‘ Inflationâ†“,0.396,apathy,None,5.45,14.91,68.66,134981.04,"[{'asset': 'BTC', 'action': 'SELL', 'delta': np.float64(-8.9), 'fee': np.float64(12.02)}, {'asset': 'VNINDEX', 'action': 'BUY', 'delta': np.float64(1.43), 'fee': np.float64(2.89)}]"
2025-06-27,Tier change: BTC: bearishâ†’neutral,Growthâ†‘ Inflationâ†“,0.46,apathy,None,13.37,37.07,70.98,134722.96,"[{'asset': 'BTC', 'action': 'BUY', 'delta': np.float64(10.47), 'fee': np.float64(14.11)}, {'asset': 'XAUT', 'action': 'SELL', 'delta': np.float64(-14.73), 'fee': np.float64(19.85)}, {'asset': 'VNINDEX', 'action': 'BUY', 'delta': np.float64(1.54), 'fee': np.float64(3.11)}]"
2025-07-03,Tier change: VNINDEX: neutralâ†’bullish,Growthâ†‘ Inflationâ†“,0.507,apathy,None,9.27,37.31,52.17,135331.22,"[{'asset': 'VNINDEX', 'action': 'BUY', 'delta': np.float64(18.37), 'fee': np.float64(37.31)}]"
2025-07-08,Tier change: LINK: bearishâ†’neutral,Growthâ†‘ Inflationâ†“,0.5,apathy,None,0.49,0.0,52.89,136537.52,[]
2025-07-13,Tier change: XAUT: bearishâ†’neutral,Growthâ†‘ Inflationâ†“,0.564,apathy,None,12.31,45.18,37.01,138760.6,"[{'asset': 'BTC', 'action': 'BUY', 'delta': np.float64(1.14), 'fee': np.float64(1.58)}, {'asset': 'XAUT', 'action': 'BUY', 'delta': np.float64(18.21), 'fee': np.float64(25.28)}, {'asset': 'VNINDEX', 'action': 'SELL', 'delta': np.float64(-5.28), 'fee': np.float64(18.32)}]"
2025-07-21,Tier change: XRP: neutralâ†’bullish,Growthâ†‘ Inflationâ†“,0.705,apathy,None,4.56,29.03,43.02,141740.76,"[{'asset': 'XAUT', 'action': 'BUY', 'delta': np.float64(1.18), 'fee': np.float64(1.67)}, {'asset': 'VNINDEX', 'action': 'SELL', 'delta': np.float64(-7.72), 'fee': np.float64(27.35)}]"
2025-07-27,Tier change: XAUT: neutralâ†’bearish,Growthâ†‘ Inflationâ†“,0.748,fomo,None,18.62,59.63,42.01,144272.65,"[{'asset': 'BTC', 'action': 'BUY', 'delta': np.float64(10.52), 'fee': np.float64(15.19)}, {'asset': 'XAUT', 'action': 'SELL', 'delta': np.float64(-18.6), 'fee': np.float64(26.84)}, {'asset': 'VNINDEX', 'action': 'BUY', 'delta': np.float64(8.13), 'fee': np.float64(17.6)}]"
2025-08-02,Tier change: BTC: bullishâ†’neutral,Growthâ†‘ Inflationâ†“,0.606,apathy,None,16.66,89.75,77.06,138613.72,"[{'asset': 'BTC', 'action': 'SELL', 'delta': np.float64(-12.4), 'fee': np.float64(17.2)}, {'asset': 'VNINDEX', 'action': 'SELL', 'delta': np.float64(-20.92), 'fee': np.float64(72.55)}]"
2025-08-09,Tier change: XRP: neutralâ†’bullish,Growthâ†‘ Inflationâ†“,0.698,apathy,None,10.58,43.62,54.69,140921.34,"[{'asset': 'VNINDEX', 'action': 'BUY', 'delta': np.float64(20.63), 'fee': np.float64(43.62)}]"
2025-08-19,Regime: Growthâ†‘ Inflationâ†“ â†’ Growthâ†‘ Inflationâ†‘,Growthâ†‘ Inflationâ†‘,0.703,apathy,None,8.2,45.22,70.66,143545.13,"[{'asset': 'BTC', 'action': 'SELL', 'delta': np.float64(-6.33), 'fee': np.float64(9.08)}, {'asset': 'VNINDEX', 'action': 'SELL', 'delta': np.float64(-10.07), 'fee': np.float64(36.13)}]"
2025-08-27,Tier change: ETH: neutralâ†’bearish,Growthâ†‘ Inflationâ†‘,0.708,apathy,None,3.17,20.66,76.71,144286.09,"[{'asset': 'VNINDEX', 'action': 'SELL', 'delta': np.float64(-5.73), 'fee': np.float64(20.66)}]"
2025-09-09,Regime: Growthâ†‘ Inflationâ†‘ â†’ Growthâ†‘ Inflationâ†“,Growthâ†‘ Inflationâ†“,0.736,apathy,None,13.61,51.1,60.1,144030.75,"[{'asset': 'BTC', 'action': 'BUY', 'delta': np.float64(1.99), 'fee': np.float64(2.87)}, {'asset': 'XAUT', 'action': 'BUY', 'delta': np.float64(19.74), 'fee': np.float64(28.44)}, {'asset': 'VNINDEX', 'action': 'SELL', 'delta': np.float64(-5.5), 'fee': np.float64(19.8)}]"
2025-09-24,Tier change: ETH: neutralâ†’bearish,Growthâ†‘ Inflationâ†“,0.797,apathy,None,3.07,0.0,54.82,146858.53,[]
2025-10-01,Tier change: ETH: bearishâ†’neutral,Growthâ†‘ Inflationâ†“,0.792,apathy,None,11.19,32.15,41.45,147992.47,"[{'asset': 'BTC', 'action': 'SELL', 'delta': np.float64(-1.92), 'fee': np.float64(2.84)}, {'asset': 'XAUT', 'action': 'BUY', 'delta': np.float64(19.8), 'fee': np.float64(29.31)}]"
2025-10-11,Tier change: DOGE: neutralâ†’bearish,Growthâ†‘ Inflationâ†“,0.789,apathy,None,4.32,14.42,45.03,151820.52,"[{'asset': 'BTC', 'action': 'SELL', 'delta': np.float64(-2.46), 'fee': np.float64(3.74)}, {'asset': 'XAUT', 'action': 'SELL', 'delta': np.float64(-4.47), 'fee': np.float64(6.79)}, {'asset': 'VNINDEX', 'action': 'BUY', 'delta': np.float64(1.71), 'fee': np.float64(3.9)}]"
2025-10-19,Tier change: LINK: neutralâ†’bearish,Growthâ†‘ Inflationâ†“,0.776,apathy,None,5.64,15.99,54.23,154939.59,"[{'asset': 'XAUT', 'action': 'SELL', 'delta': np.float64(-10.32), 'fee': np.float64(15.99)}]"
2025-10-26,Tier change: LINK: bearishâ†’neutral,Growthâ†‘ Inflationâ†“,0.783,apathy,None,6.28,17.99,66.57,152667.41,"[{'asset': 'XAUT', 'action': 'SELL', 'delta': np.float64(-11.78), 'fee': np.float64(17.99)}]"
2025-11-03,Tier change: VNINDEX: neutralâ†’bearish,Growthâ†‘ Inflationâ†“,0.743,apathy,None,7.75,55.6,81.11,150756.25,"[{'asset': 'BTC', 'action': 'BUY', 'delta': np.float64(1.15), 'fee': np.float64(1.73)}, {'asset': 'VNINDEX', 'action': 'SELL', 'delta': np.float64(-14.29), 'fee': np.float64(53.87)}]"
2025-11-13,Tier change: BTC: neutralâ†’bearish,Growthâ†‘ Inflationâ†“,0.724,apathy,None,3.57,10.81,81.88,151477.47,"[{'asset': 'XAUT', 'action': 'BUY', 'delta': np.float64(3.07), 'fee': np.float64(4.66)}, {'asset': 'BTC', 'action': 'SELL', 'delta': np.float64(-4.06), 'fee': np.float64(6.15)}]"
2025-11-19,Regime: Growthâ†‘ Inflationâ†“ â†’ Growthâ†“ Inflationâ†“,Growthâ†“ Inflationâ†“,0.7,apathy,None,9.29,28.06,63.6,151034.53,"[{'asset': 'XAUT', 'action': 'BUY', 'delta': np.float64(18.57), 'fee': np.float64(28.06)}]"
2025-11-27,Regime: Growthâ†“ Inflationâ†“ â†’ Growthâ†‘ Inflationâ†“,Growthâ†‘ Inflationâ†“,0.702,apathy,None,20.69,77.44,60.93,151952.84,"[{'asset': 'BTC', 'action': 'BUY', 'delta': np.float64(2.76), 'fee': np.float64(4.19)}, {'asset': 'XAUT', 'action': 'SELL', 'delta': np.float64(-19.53), 'fee': np.float64(29.69)}, {'asset': 'VNINDEX', 'action': 'BUY', 'delta': np.float64(19.1), 'fee': np.float64(43.56)}]"
2025-12-11,Tier change: LINK: bearishâ†’neutral,Growthâ†‘ Inflationâ†“,0.685,apathy,None,2.34,0.0,65.26,153130.79,[]
2025-12-16,Tier change: VNINDEX: neutralâ†’bearish,Growthâ†‘ Inflationâ†“,0.666,apathy,None,11.19,76.43,83.03,152955.46,"[{'asset': 'VNINDEX', 'action': 'SELL', 'delta': np.float64(-18.91), 'fee': np.float64(72.34)}, {'asset': 'BTC', 'action': 'SELL', 'delta': np.float64(-2.67), 'fee': np.float64(4.09)}]"
2025-12-26,Tier change: VNINDEX: bearishâ†’neutral,Growthâ†‘ Inflationâ†“,0.593,apathy,None,10.08,45.91,63.51,154539.05,"[{'asset': 'XAUT', 'action': 'SELL', 'delta': np.float64(-1.1), 'fee': np.float64(1.69)}, {'asset': 'VNINDEX', 'action': 'BUY', 'delta': np.float64(19.07), 'fee': np.float64(44.21)}]"
2026-01-04,"Tier change: XRP: bearishâ†’neutral, BNB: bearishâ†’neutral",Growthâ†‘ Inflationâ†“,0.671,apathy,None,3.29,10.04,64.25,154573.07,"[{'asset': 'BTC', 'action': 'BUY', 'delta': np.float64(2.86), 'fee': np.float64(4.42)}, {'asset': 'XAUT', 'action': 'SELL', 'delta': np.float64(-3.63), 'fee': np.float64(5.62)}]"
2026-01-09,Tier change: ETH: neutralâ†’bearish,Growthâ†‘ Inflationâ†“,0.662,apathy,None,3.3,9.42,63.77,156615.58,"[{'asset': 'BTC', 'action': 'SELL', 'delta': np.float64(-2.83), 'fee': np.float64(4.43)}, {'asset': 'XAUT', 'action': 'BUY', 'delta': np.float64(3.19), 'fee': np.float64(4.99)}]"
2026-01-15,"Tier change: BTC: bearishâ†’neutral, LINK: bearishâ†’neutral, XRP: bearishâ†’neutral, ETH: bearishâ†’neutral, BNB: bearishâ†’neutral",Growthâ†‘ Inflationâ†“,0.686,apathy,None,5.28,26.28,61.97,157295.48,"[{'asset': 'BTC', 'action': 'BUY', 'delta': np.float64(5.78), 'fee': np.float64(9.09)}, {'asset': 'VNINDEX', 'action': 'SELL', 'delta': np.float64(-4.37), 'fee': np.float64(17.19)}]"
2026-01-20,Tier change: BNB: neutralâ†’bearish,Growthâ†‘ Inflationâ†“,0.623,apathy,None,5.16,19.4,63.79,158319.32,"[{'asset': 'BTC', 'action': 'SELL', 'delta': np.float64(-5.45), 'fee': np.float64(8.64)}, {'asset': 'XAUT', 'action': 'SELL', 'delta': np.float64(-1.01), 'fee': np.float64(1.6)}, {'asset': 'VNINDEX', 'action': 'BUY', 'delta': np.float64(3.86), 'fee': np.float64(9.16)}]"
2026-02-02,Tier change: XAUT: bullishâ†’neutral,Growthâ†‘ Inflationâ†“,0.403,apathy,None,12.6,84.44,89.66,156881.27,"[{'asset': 'XAUT', 'action': 'SELL', 'delta': np.float64(-6.13), 'fee': np.float64(9.62)}, {'asset': 'VNINDEX', 'action': 'SELL', 'delta': np.float64(-19.07), 'fee': np.float64(74.82)}]"
2026-02-27,Tier change: VNINDEX: bearishâ†’neutral,Growthâ†‘ Inflationâ†“,0.155,apathy,None,15.74,67.29,62.9,159019.05,"[{'asset': 'BTC', 'action': 'BUY', 'delta': np.float64(7.03), 'fee': np.float64(11.19)}, {'asset': 'XAUT', 'action': 'SELL', 'delta': np.float64(-2.83), 'fee': np.float64(4.5)}, {'asset': 'VNINDEX', 'action': 'BUY', 'delta': np.float64(21.62), 'fee': np.float64(51.6)}]"
2026-03-06,Tier change: VNINDEX: neutralâ†’bearish,Growthâ†‘ Inflationâ†“,0.133,apathy,None,10.89,82.58,83.16,156935.85,"[{'asset': 'BTC', 'action': 'BUY', 'delta': np.float64(1.12), 'fee': np.float64(1.75)}, {'asset': 'VNINDEX', 'action': 'SELL', 'delta': np.float64(-20.59), 'fee': np.float64(80.82)}]"
2026-03-17,"Tier change: LINK: bearishâ†’neutral, ETH: bearishâ†’neutral, XAUT: neutralâ†’bearish, BNB: bearishâ†’neutral",Growthâ†‘ Inflationâ†“,0.163,apathy,None,4.35,12.67,90.42,157522.52,"[{'asset': 'XAUT', 'action': 'SELL', 'delta': np.float64(-8.04), 'fee': np.float64(12.67)}]"
2026-03-21,Regime: Growthâ†‘ Inflationâ†“ â†’ Growthâ†“ Inflationâ†“,Growthâ†“ Inflationâ†“,0.137,apathy,None,4.22,13.23,100.0,156777.62,"[{'asset': 'BTC', 'action': 'SELL', 'delta': np.float64(-8.44), 'fee': np.float64(13.23)}]"
2026-04-01,Regime: Growthâ†“ Inflationâ†“ â†’ Growthâ†‘ Inflationâ†“,Growthâ†‘ Inflationâ†“,0.127,apathy,None,0.0,0.0,100.0,157018.58,[]
2026-04-04,Regime: Growthâ†‘ Inflationâ†“ â†’ Growthâ†“ Inflationâ†“,Growthâ†“ Inflationâ†“,0.122,apathy,None,0.0,0.0,100.0,157084.63,[]
2026-04-09,"Tier change: ETH: bearishâ†’neutral, DOGE: bearishâ†’neutral",Growthâ†“ Inflationâ†“,0.133,apathy,None,0.0,0.0,100.0,157194.78,[]
2026-04-12,Regime: Growthâ†“ Inflationâ†“ â†’ Growthâ†‘ Inflationâ†“,Growthâ†‘ Inflationâ†“,0.126,apathy,None,0.0,0.0,100.0,157260.9,[]
2026-04-17,Tier change: BTC: bearishâ†’neutral,Growthâ†‘ Inflationâ†“,0.176,apathy,None,17.62,72.68,64.76,157298.48,"[{'asset': 'BTC', 'action': 'BUY', 'delta': np.float64(13.36), 'fee': np.float64(21.03)}, {'asset': 'VNINDEX', 'action': 'BUY', 'delta': np.float64(21.88), 'fee': np.float64(51.66)}]"
