Date,Ticker,Sector,Action,Weight_%,Mom_12_1_%,Regime,DD_Circuit,Price
2014-06,TSLA,CD,BUY,11.76,75.39,Bull,False,16.0
2014-06,EOG,EN,BUY,7.78,49.88,Bull,False,84.41
2014-06,BKNG,CD,BUY,7.24,46.4,Bull,False,1180.94
2014-06,HAL,EN,BUY,7.0,44.58,Bull,False,56.71
2014-06,NFLX,COM,BUY,9.57,61.34,Bull,False,6.29
2014-06,TMUS,COM,BUY,10.28,65.93,Bull,False,32.33
2014-06,LMT,IND,BUY,7.39,47.37,Bull,False,116.97
2014-06,MU,IT,BUY,13.96,89.52,Bull,False,32.15
2014-06,META,COM,BUY,14.9,95.54,Bull,False,66.77
2014-06,AVGO,IT,BUY,10.11,64.82,Bull,False,5.38
2014-07,SLB,EN,BUY,8.62,51.45,Bull,False,78.46
2014-07,AAPL,IT,BUY,8.69,51.89,Bull,False,20.98
2014-07,MAR,CD,BUY,7.98,47.68,Bull,False,57.66
2014-07,LMT,IND,SELL,0.0,42.86,Bull,False,121.51
2014-07,TMUS,COM,SELL,0.0,0.0,Bull,False,31.67
2014-07,BKNG,CD,SELL,0.0,37.52,Bull,False,1219.67
2014-07,TSLA,CD,TRIM,6.99,80.47,Bull,False,14.89
2014-07,EOG,EN,ADD,9.69,57.85,Bull,False,79.05
2014-07,HAL,EN,ADD,9.09,54.29,Bull,False,55.23
2014-07,NFLX,COM,TRIM,6.99,73.59,Bull,False,6.04
2014-07,META,COM,ADD,16.66,99.49,Bull,False,72.08
2014-07,AVGO,IT,ADD,11.34,67.72,Bull,False,5.2
2014-08,HCA,HC,BUY,9.44,51.56,Bull,False,64.81
2014-08,SLB,EN,SELL,0.0,30.29,Bull,False,79.37
2014-08,TSLA,CD,ADD,9.31,50.86,Bull,False,17.98
2014-08,EOG,EN,TRIM,7.56,41.31,Bull,False,79.45
2014-08,HAL,EN,TRIM,7.94,43.35,Bull,False,54.12
2014-08,NFLX,COM,ADD,10.02,54.76,Bull,False,6.82
2014-08,MU,IT,ADD,15.3,83.61,Bull,False,31.81
2014-08,AAPL,IT,TRIM,7.6,41.52,Bull,False,22.49
2014-08,META,COM,TRIM,12.45,68.02,Bull,False,74.24
2014-08,AVGO,IT,ADD,12.01,65.63,Bull,False,6.16
2014-09,AMAT,IT,BUY,7.82,45.42,Bull,False,18.74
2014-09,INTC,IT,BUY,8.61,50.0,Bull,False,26.54
2014-09,ADBE,IT,BUY,7.78,45.21,Bull,False,69.19
2014-09,AAPL,IT,SELL,0.0,41.1,Bull,False,22.22
2014-09,EOG,EN,SELL,0.0,34.05,Bull,False,71.6
2014-09,HAL,EN,SELL,0.0,35.3,Bull,False,51.76
2014-09,TSLA,CD,TRIM,8.05,46.74,Bull,False,16.18
2014-09,NFLX,COM,TRIM,8.95,52.02,Bull,False,6.45
2014-09,AVGO,IT,ADD,13.35,77.58,Bull,False,6.52
2014-09,META,COM,TRIM,10.23,59.45,Bull,False,78.42
2014-09,HCA,HC,ADD,10.39,60.33,Bull,False,65.45
2014-09,MAR,CD,ADD,9.74,56.57,Bull,False,62.47
2014-10,LMT,IND,BUY,8.01,39.32,Bull,False,139.74
2014-10,AAPL,IT,BUY,8.43,41.39,Bull,False,23.82
2014-10,NSC,IND,BUY,7.93,38.97,Bull,False,85.96
2014-10,VRTX,HC,BUY,8.0,39.29,Bull,False,112.64
2014-10,TSLA,CD,SELL,0.0,22.71,Bull,False,16.11
2014-10,AMAT,IT,SELL,0.0,23.0,Bull,False,19.15
2014-10,ADBE,IT,SELL,0.0,28.68,Bull,False,70.12
2014-10,NFLX,COM,SELL,0.0,37.78,Bull,False,5.61
2014-10,AVGO,IT,ADD,14.69,72.18,Bull,False,6.49
2014-10,MU,IT,TRIM,13.71,67.35,Bull,False,32.29
2014-10,META,COM,TRIM,9.23,45.33,Bull,False,74.41
2014-10,MAR,CD,ADD,10.61,52.11,Bull,False,67.7
2014-10,INTC,IT,ADD,9.21,45.22,Bull,False,25.92
2014-11,ELV,HC,BUY,8.72,41.81,Bull,False,108.46
2014-11,UNP,IND,BUY,9.38,44.99,Bull,False,90.38
2014-11,EA,COM,BUY,9.28,44.52,Bull,False,42.67
2014-11,TSLA,CD,BUY,8.61,41.29,Bull,False,16.3
2014-11,LMT,IND,SELL,0.0,39.06,Bull,False,140.47
2014-11,AAPL,IT,SELL,0.0,39.14,Bull,False,26.23
2014-11,NSC,IND,SELL,0.0,27.48,Bull,False,86.73
2014-11,INTC,IT,SELL,0.0,36.32,Bull,False,28.39
2014-11,AVGO,IT,TRIM,13.71,65.78,Bull,False,7.03
2014-11,MU,IT,TRIM,13.07,62.68,Bull,False,35.08
2014-11,VRTX,HC,ADD,9.52,45.66,Bull,False,117.88
2014-11,META,COM,TRIM,8.36,40.11,Bull,False,77.09
2014-11,HCA,HC,TRIM,8.26,39.61,Bull,False,64.68
2014-12,TTWO,COM,BUY,9.29,52.51,Bull,False,28.03
2014-12,LRCX,IT,BUY,8.25,46.64,Bull,False,6.77
2014-12,INTC,IT,BUY,8.49,48.03,Bull,False,27.84
2014-12,ELV,HC,SELL,0.0,33.67,Bull,False,106.56
2014-12,UNP,IND,SELL,0.0,38.47,Bull,False,92.58
2014-12,HCA,HC,SELL,0.0,40.63,Bull,False,68.12
2014-12,TSLA,CD,ADD,11.54,65.29,Bull,False,14.83
2014-12,EA,COM,ADD,12.09,68.39,Bull,False,45.67
2014-12,MU,IT,TRIM,9.42,53.29,Bull,False,34.16
2014-12,META,COM,ADD,8.88,50.25,Bull,False,77.41
2014-12,MAR,CD,TRIM,9.36,52.94,Bull,False,69.92
2015-01,ORLY,CD,BUY,8.26,40.32,Bull,False,12.49
2015-01,HCA,HC,BUY,8.82,43.06,Bull,False,65.71
2015-01,WELL,RE,BUY,8.1,39.57,Bull,False,53.22
2015-01,TSLA,CD,SELL,0.0,0.0,Bull,False,13.57
2015-01,META,COM,SELL,0.0,35.6,Bull,False,75.32
2015-01,INTC,IT,SELL,0.0,36.62,Bull,False,25.35
2015-01,EA,COM,ADD,14.7,71.77,Bull,False,53.29
2015-01,TTWO,COM,ADD,9.8,47.85,Bull,False,29.72
2015-02,ELV,HC,BUY,9.51,46.66,Bull,False,124.61
2015-02,MO,CS,BUY,9.32,45.73,Bull,False,27.71
2015-02,UNH,HC,BUY,8.19,40.15,Bull,False,94.52
2015-02,AAPL,IT,BUY,10.49,51.45,Bull,False,28.45
2015-02,SHW,MAT,BUY,8.21,40.27,Bull,False,85.58
2015-02,ORLY,CD,SELL,0.0,35.8,Bull,False,13.88
2015-02,MU,IT,SELL,0.0,0.0,Bull,False,29.92
2015-02,VRTX,HC,SELL,0.0,33.18,Bull,False,119.43
2015-02,HCA,HC,SELL,0.0,34.25,Bull,False,66.4
2015-02,WELL,RE,SELL,0.0,39.73,Bull,False,50.07
2015-02,TTWO,COM,TRIM,8.93,43.8,Bull,False,26.49
2015-02,LRCX,IT,ADD,8.56,41.98,Bull,False,7.05
2015-02,MAR,CD,TRIM,8.66,42.5,Bull,False,74.46
2015-03,CI,HC,BUY,8.29,42.46,Bull,False,117.59
2015-03,LOW,CD,BUY,7.99,40.92,Bull,False,60.92
2015-03,TTWO,COM,SELL,0.0,29.26,Bull,False,25.46
2015-03,SHW,MAT,SELL,0.0,36.29,Bull,False,85.57
2015-03,EA,COM,TRIM,13.53,69.31,Bull,False,57.14
2015-03,LRCX,IT,ADD,9.25,47.37,Bull,False,6.01
2015-03,AVGO,IT,ADD,14.49,74.24,Bull,False,9.59
2015-04,HD,CD,BUY,7.84,38.31,Bull,False,82.52
2015-04,SHW,MAT,BUY,7.71,37.69,Bull,False,83.62
2015-04,VRTX,HC,BUY,10.47,51.17,Bull,False,123.28
2015-04,MO,CS,SELL,0.0,33.67,Bull,False,24.88
2015-04,LRCX,IT,SELL,0.0,0.0,Bull,False,6.48
2015-04,MAR,CD,SELL,0.0,37.17,Bull,False,71.9
2015-04,EA,COM,ADD,14.47,70.68,Bull,False,56.43
2015-04,CI,HC,ADD,8.93,43.61,Bull,False,113.26
2015-04,LOW,CD,ADD,8.93,43.61,Bull,False,56.39
2015-04,AAPL,IT,TRIM,10.29,50.29,Bull,False,27.83
2015-05,NOW,IT,BUY,8.17,40.92,Bull,False,15.32
2015-05,NFLX,COM,BUY,10.92,54.7,Bull,False,8.92
2015-05,HD,CD,SELL,0.0,31.75,Bull,False,85.94
2015-05,SHW,MAT,SELL,0.0,34.01,Bull,False,86.68
2015-05,ELV,HC,TRIM,8.39,42.03,Bull,False,143.43
2015-05,LOW,CD,TRIM,8.42,42.19,Bull,False,57.49
2015-05,VRTX,HC,ADD,11.96,59.94,Bull,False,128.29
2015-05,AAPL,IT,TRIM,8.26,41.39,Bull,False,28.97
2015-05,AVGO,IT,TRIM,12.46,62.44,Bull,False,11.22
2015-06,ORLY,CD,BUY,8.08,39.46,Bull,False,15.07
2015-06,HCA,HC,BUY,8.9,43.45,Bull,False,84.2
2015-06,AAPL,IT,SELL,0.0,38.39,Bull,False,28.01
2015-06,NOW,IT,SELL,0.0,38.15,Bull,False,14.86
2015-06,ELV,HC,ADD,9.28,45.31,Bull,False,140.26
2015-06,EA,COM,TRIM,11.89,58.03,Bull,False,64.6
2015-06,NFLX,COM,TRIM,8.22,40.12,Bull,False,9.38
2015-06,UNH,HC,ADD,8.76,42.79,Bull,False,101.82
2015-06,AVGO,IT,ADD,15.44,75.4,Bull,False,10.07
2015-07,NKE,CD,BUY,7.54,34.29,Bull,False,50.12
2015-07,BMY,HC,BUY,7.53,34.25,Bull,False,45.82
2015-07,LOW,CD,SELL,0.0,0.0,Bull,False,56.98
2015-07,VRTX,HC,SELL,0.0,26.56,Bull,False,135.0
2015-07,ORLY,CD,ADD,8.92,40.58,Bull,False,16.02
2015-07,EA,COM,ADD,13.57,61.73,Bull,False,69.5
2015-07,NFLX,COM,TRIM,7.0,39.95,Bull,False,11.43
2015-07,AVGO,IT,TRIM,13.77,62.65,Bull,False,9.51
2015-07,CI,HC,ADD,12.45,56.65,Bull,False,130.91
2015-07,HCA,HC,ADD,10.46,47.57,Bull,False,86.33
2015-08,SBUX,CD,BUY,8.05,41.41,Bull,False,43.9
2015-08,VRTX,HC,BUY,8.12,41.77,Bull,False,127.52
2015-08,AMZN,CD,BUY,10.47,53.82,Bull,False,25.64
2015-08,ELV,HC,SELL,0.0,35.52,Bull,False,120.99
2015-08,HCA,HC,SELL,0.0,35.36,Bull,False,80.4
2015-08,BMY,HC,SELL,0.0,28.63,Bull,False,41.75
2015-08,EA,COM,ADD,14.7,75.59,Bull,False,64.26
2015-08,NFLX,COM,ADD,12.41,63.81,Bull,False,11.5
2015-08,CI,HC,TRIM,9.15,47.03,Bull,False,127.94
2015-08,UNH,HC,TRIM,8.16,41.96,Bull,False,96.97
2015-08,AVGO,IT,TRIM,11.73,60.29,Bull,False,9.57
2015-09,VMC,MAT,BUY,8.87,39.43,Bear,False,81.62
2015-09,AVGO,IT,SELL,0.0,0.0,Bear,False,9.5
2015-09,ORLY,CD,ADD,10.31,43.12,Bear,False,16.67
2015-09,SBUX,CD,ADD,11.06,35.52,Bear,False,45.73
2015-09,EA,COM,TRIM,5.44,55.86,Bear,False,65.81
2015-09,AMZN,CD,TRIM,6.06,41.39,Bear,False,25.59
2015-09,NFLX,COM,TRIM,3.89,52.22,Bear,False,10.33
2015-09,CI,HC,ADD,14.21,39.79,Bear,False,122.69
2015-09,UNH,HC,ADD,18.88,30.44,Bear,False,97.23
2015-09,VRTX,HC,ADD,11.6,30.96,Bear,False,104.14
2015-09,NKE,CD,ADD,9.7,36.4,Bear,False,53.5
2015-10,TMUS,COM,BUY,5.45,32.13,Bear,False,36.43
2015-10,AZO,CD,BUY,14.39,35.08,Bear,False,784.41
2015-10,UNH,HC,SELL,0.0,0.0,Bear,False,99.14
2015-10,VRTX,HC,SELL,0.0,0.0,Bear,False,124.74
2015-10,ORLY,CD,ADD,12.04,50.84,Bear,False,18.42
2015-10,SBUX,CD,ADD,12.9,42.35,Bear,False,50.34
2015-10,EA,COM,ADD,6.35,64.32,Bear,False,70.01
2015-10,AMZN,CD,ADD,7.07,46.22,Bear,False,31.3
2015-10,NFLX,COM,ADD,4.44,47.13,Bear,False,10.84
2015-10,CI,HC,ADD,16.31,39.83,Bear,False,121.8
2015-10,VMC,MAT,ADD,10.1,39.7,Bear,False,88.38
2015-10,NKE,CD,ADD,10.95,32.96,Bear,False,57.15
2015-11,AVGO,IT,BUY,7.55,36.85,Bull,False,9.94
2015-11,NVDA,IT,BUY,7.98,38.98,Bull,False,0.77
2015-11,EQIX,RE,BUY,8.38,40.91,Bull,False,241.63
2015-11,TMUS,COM,SELL,0.0,26.09,Bull,False,34.13
2015-11,CI,HC,SELL,0.0,29.76,Bull,False,122.66
2015-11,AZO,CD,SELL,0.0,34.86,Bull,False,783.77
2015-11,ORLY,CD,TRIM,9.25,45.15,Bull,False,17.59
2015-11,SBUX,CD,TRIM,10.61,51.82,Bull,False,49.39
2015-11,EA,COM,ADD,11.56,56.48,Bull,False,65.85
2015-11,NFLX,COM,ADD,13.48,65.83,Bull,False,12.33
2015-11,AMZN,CD,ADD,14.69,71.74,Bull,False,33.24
2015-11,VMC,MAT,TRIM,9.26,45.22,Bull,False,93.95
2015-11,NKE,CD,TRIM,7.25,35.42,Bull,False,57.69
2015-12,VLO,EN,BUY,8.73,41.68,Bull,False,47.11
2015-12,GOOGL,COM,BUY,7.0,32.88,Bull,False,38.58
2015-12,NKE,CD,SELL,0.0,29.79,Bull,False,54.52
2015-12,AVGO,IT,SELL,0.0,0.0,Bull,False,11.06
2015-12,ORLY,CD,TRIM,7.69,36.74,Bull,False,16.89
2015-12,SBUX,CD,TRIM,8.94,42.71,Bull,False,48.45
2015-12,NVDA,IT,ADD,9.02,43.07,Bull,False,0.8
2015-12,EQIX,RE,TRIM,7.0,32.55,Bull,False,246.44
2015-12,EA,COM,TRIM,9.08,43.38,Bull,False,66.75
2015-12,NFLX,COM,ADD,19.11,91.26,Bull,False,11.44
2015-12,AMZN,CD,TRIM,14.12,67.45,Bull,False,33.79
2016-01,TMUS,COM,BUY,7.11,37.3,Bear,False,38.6
2016-01,AVGO,IT,BUY,8.87,37.92,Bear,False,10.22
2016-01,ORLY,CD,SELL,0.0,27.43,Bear,False,17.39
2016-01,EQIX,RE,SELL,0.0,34.72,Bear,False,254.52
2016-01,SBUX,CD,ADD,16.09,39.35,Bear,False,49.05
2016-01,NVDA,IT,ADD,11.31,51.35,Bear,False,0.71
2016-01,EA,COM,TRIM,8.31,37.95,Bear,False,62.7
2016-01,AMZN,CD,TRIM,8.78,77.83,Bear,False,29.35
2016-01,NFLX,COM,TRIM,5.83,85.18,Bear,False,9.18
2016-01,GOOGL,COM,ADD,12.34,38.26,Bear,False,37.76
2016-01,VMC,MAT,ADD,12.58,37.24,Bear,False,80.79
2016-02,ORLY,CD,BUY,11.53,33.11,Bear,False,17.35
2016-02,EQIX,RE,BUY,10.17,42.4,Bear,False,248.88
2016-02,MCD,CD,BUY,14.97,32.58,Bear,False,91.35
2016-02,NKE,CD,BUY,11.03,30.65,Bear,False,53.85
2016-02,META,COM,BUY,5.95,39.08,Bear,False,106.09
2016-02,MSFT,IT,BUY,8.98,33.7,Bear,False,44.45
2016-02,EA,COM,SELL,0.0,0.0,Bear,False,62.4
2016-02,NFLX,COM,SELL,0.0,0.0,Bear,False,9.34
2016-02,VLO,EN,SELL,0.0,27.7,Bear,False,40.02
2016-02,TMUS,COM,SELL,0.0,0.0,Bear,False,35.67
2016-02,VMC,MAT,SELL,0.0,0.0,Bear,False,90.25
2016-02,AVGO,IT,SELL,0.0,27.41,Bear,False,10.24
2016-02,SBUX,CD,TRIM,12.76,34.11,Bear,False,46.99
2016-02,GOOGL,COM,TRIM,9.72,34.81,Bear,False,35.57
2016-02,NVDA,IT,TRIM,8.34,43.88,Bear,False,0.76
2016-02,AMZN,CD,TRIM,6.55,50.42,Bear,False,27.63
2016-03,TTWO,COM,BUY,10.44,30.65,Bull,False,37.67
2016-03,PSA,RE,BUY,9.11,26.74,Bull,False,183.82
2016-03,MCD,CD,SELL,0.0,20.36,Bull,False,98.72
2016-03,MSFT,IT,SELL,0.0,17.56,Bull,False,48.6
2016-03,ORLY,CD,TRIM,7.63,22.37,Bull,False,18.24
2016-03,SBUX,CD,TRIM,7.91,23.22,Bull,False,48.35
2016-03,NVDA,IT,ADD,12.55,36.82,Bull,False,0.87
2016-03,EQIX,RE,ADD,12.55,36.84,Bull,False,271.03
2016-03,AMZN,CD,ADD,12.74,37.39,Bull,False,29.68
2016-03,GOOGL,COM,TRIM,8.27,24.28,Bull,False,37.83
2016-03,NKE,CD,TRIM,8.46,24.83,Bull,False,53.75
2016-03,META,COM,ADD,10.33,30.3,Bull,False,113.21
2016-04,PM,CS,BUY,8.31,31.35,Bull,False,59.8
2016-04,MCD,CD,BUY,7.62,28.73,Bull,False,99.35
2016-04,MSFT,IT,BUY,8.83,33.32,Bull,False,43.88
2016-04,ORLY,CD,SELL,0.0,23.55,Bull,False,17.51
2016-04,SBUX,CD,SELL,0.0,24.42,Bull,False,45.54
2016-04,NKE,CD,SELL,0.0,21.09,Bull,False,51.67
2016-04,NVDA,IT,ADD,14.54,54.82,Bull,False,0.87
2016-04,EQIX,RE,TRIM,11.02,41.56,Bull,False,272.27
2016-04,META,COM,TRIM,8.69,32.77,Bull,False,116.66
2016-04,PSA,RE,ADD,9.76,36.82,Bull,False,164.24
2016-05,AMD,IT,BUY,12.44,45.16,Bull,False,4.57
2016-05,NEM,MAT,BUY,7.78,28.25,Bull,False,25.41
2016-05,O,RE,BUY,7.64,27.72,Bull,False,36.7
2016-05,PM,CS,SELL,0.0,20.87,Bull,False,60.14
2016-05,GOOGL,COM,SELL,0.0,0.0,Bull,False,37.14
2016-05,MSFT,IT,SELL,0.0,0.0,Bull,False,46.63
2016-05,NVDA,IT,TRIM,13.41,48.65,Bull,False,1.14
2016-05,EQIX,RE,TRIM,8.78,31.85,Bull,False,298.36
2016-05,MCD,CD,ADD,8.35,30.29,Bull,False,95.87
2016-05,META,COM,ADD,11.04,40.06,Bull,False,117.88
2016-05,PSA,RE,TRIM,8.15,29.59,Bull,False,170.21
2016-06,SYY,CS,BUY,7.0,28.84,Bull,False,39.51
2016-06,NEM,MAT,SELL,0.0,17.86,Bull,False,30.67
2016-06,AMD,IT,ADD,16.05,69.53,Bull,False,5.14
2016-06,NVDA,IT,ADD,17.62,76.35,Bull,False,1.15
2016-06,MCD,CD,TRIM,7.0,27.37,Bull,False,94.52
2016-06,TTWO,COM,TRIM,8.12,35.18,Bull,False,37.92
2016-06,META,COM,TRIM,9.36,40.57,Bull,False,113.39
2016-06,PSA,RE,TRIM,7.0,30.21,Bull,False,171.47
2016-07,WM,IND,BUY,11.01,38.74,Bear,False,55.46
2016-07,MO,CS,BUY,9.89,38.37,Bear,False,35.34
2016-07,NEM,MAT,BUY,5.27,52.04,Bear,False,34.51
2016-07,ED,UT,BUY,24.57,36.77,Bear,False,56.46
2016-07,TTWO,COM,SELL,0.0,31.88,Bear,False,40.18
2016-07,META,COM,SELL,0.0,28.7,Bear,False,122.97
2016-07,MCD,CD,SELL,0.0,25.98,Bear,False,93.09
2016-07,PSA,RE,SELL,0.0,35.8,Bear,False,161.49
2016-07,AMD,IT,TRIM,5.27,76.16,Bear,False,6.86
2016-07,SYY,CS,ADD,18.37,37.05,Bear,False,40.59
2016-07,NVDA,IT,TRIM,5.27,86.34,Bear,False,1.4
2016-07,EQIX,RE,ADD,9.8,48.5,Bear,False,308.88
2016-07,O,RE,TRIM,5.27,49.08,Bear,False,43.92
2016-07,AMZN,CD,TRIM,5.27,49.99,Bear,False,37.94
2016-08,AMAT,IT,BUY,6.95,43.63,Bull,False,26.79
2016-08,TXN,IT,BUY,6.95,36.05,Bull,False,53.45
2016-08,KLAC,IT,BUY,6.95,38.89,Bull,False,58.83
2016-08,WM,IND,SELL,0.0,28.59,Bull,False,53.63
2016-08,MO,CS,SELL,0.0,25.72,Bull,False,34.5
2016-08,ED,UT,SELL,0.0,26.92,Bull,False,53.05
2016-08,AMD,IT,ADD,19.86,126.82,Bull,False,7.4
2016-08,SYY,CS,TRIM,6.95,38.35,Bull,False,40.64
2016-08,NVDA,IT,ADD,16.69,106.58,Bull,False,1.51
2016-08,EQIX,RE,TRIM,6.95,35.24,Bull,False,305.39
2016-08,O,RE,ADD,6.95,43.53,Bull,False,40.51
2016-08,AMZN,CD,ADD,6.95,34.73,Bull,False,38.46
2016-08,NEM,MAT,ADD,14.81,94.56,Bull,False,30.0
2016-09,TTWO,COM,BUY,6.97,40.03,Bull,False,45.08
2016-09,DHR,HC,BUY,9.46,65.84,Bull,False,66.31
2016-09,SYY,CS,SELL,0.0,29.13,Bull,False,38.41
2016-09,KLAC,IT,SELL,0.0,35.69,Bull,False,59.65
2016-09,AMAT,IT,ADD,9.18,63.9,Bull,False,27.16
2016-09,NVDA,IT,TRIM,14.63,101.8,Bull,False,1.68
2016-09,NEM,MAT,TRIM,11.66,81.11,Bull,False,30.82
2016-10,ISRG,HC,BUY,6.98,45.56,Bull,False,74.68
2016-10,ITW,IND,BUY,6.98,39.93,Bull,False,91.33
2016-10,LRCX,IT,BUY,6.98,38.71,Bull,False,8.49
2016-10,TXN,IT,SELL,0.0,37.44,Bull,False,54.46
2016-10,O,RE,SELL,0.0,38.63,Bull,False,36.73
2016-10,EQIX,RE,SELL,0.0,33.64,Bull,False,297.39
2016-10,AMD,IT,TRIM,19.26,139.06,Bull,False,7.23
2016-10,AMAT,IT,ADD,10.22,73.79,Bull,False,26.2
2016-10,NEM,MAT,ADD,12.44,89.85,Bull,False,29.07
2016-10,DHR,HC,TRIM,8.88,64.16,Bull,False,66.55
2016-11,META,COM,BUY,6.94,25.04,Bull,False,117.5
2016-11,TMUS,COM,BUY,6.94,27.19,Bull,False,52.12
2016-11,AVGO,IT,BUY,6.94,33.67,Bull,False,13.16
2016-11,ITW,IND,SELL,0.0,23.37,Bull,False,100.66
2016-11,LRCX,IT,SELL,0.0,24.96,Bull,False,9.3
2016-11,AMZN,CD,SELL,0.0,23.26,Bull,False,37.53
2016-11,AMD,IT,ADD,20.4,122.68,Bull,False,8.91
2016-11,AMAT,IT,TRIM,9.47,56.93,Bull,False,29.01
2016-11,NVDA,IT,ADD,15.49,93.15,Bull,False,2.27
2016-11,NEM,MAT,TRIM,10.76,64.72,Bull,False,25.46
2016-12,FCX,MAT,BUY,6.98,62.94,Bull,False,11.93
2016-12,QCOM,IT,BUY,6.98,37.11,Bull,False,50.63
2016-12,NUE,MAT,BUY,7.04,43.88,Bull,False,48.56
2016-12,UNH,HC,BUY,6.98,35.74,Bull,False,137.65
2016-12,ISRG,HC,SELL,0.0,21.34,Bull,False,70.46
2016-12,TTWO,COM,SELL,0.0,33.06,Bull,False,49.29
2016-12,META,COM,SELL,0.0,0.0,Bull,False,114.15
2016-12,AVGO,IT,SELL,0.0,28.02,Bull,False,13.64
2016-12,AMD,IT,ADD,21.33,132.85,Bull,False,11.34
2016-12,NVDA,IT,ADD,17.32,107.89,Bull,False,2.63
2016-12,NEM,MAT,TRIM,9.15,57.01,Bull,False,26.74
2016-12,DHR,HC,TRIM,8.28,51.55,Bull,False,65.95
2017-01,MLM,MAT,BUY,7.65,49.27,Bull,False,214.42
2017-01,MU,IT,BUY,6.98,43.7,Bull,False,23.52
2017-01,HAL,EN,BUY,7.47,48.15,Bull,False,47.2
2017-01,QCOM,IT,SELL,0.0,30.08,Bull,False,41.49
2017-01,NEM,MAT,SELL,0.0,0.0,Bull,False,28.52
2017-01,UNH,HC,SELL,0.0,32.93,Bull,False,139.42
2017-01,NVDA,IT,ADD,18.38,118.47,Bull,False,2.69
2017-02,NSC,IND,BUY,6.99,53.92,Bull,False,100.39
2017-02,MS,FIN,BUY,6.99,52.0,Bull,False,35.22
2017-02,NUE,MAT,SELL,0.0,42.66,Bull,False,51.36
2017-02,TMUS,COM,SELL,0.0,43.89,Bull,False,60.12
2017-02,AMD,IT,TRIM,17.68,155.05,Bull,False,14.46
2017-02,AMAT,IT,TRIM,7.75,67.94,Bull,False,32.73
2017-02,NVDA,IT,TRIM,15.11,132.53,Bull,False,2.5
2017-02,FCX,MAT,ADD,14.67,128.64,Bull,False,12.12
2017-02,DHR,HC,TRIM,7.9,69.32,Bull,False,72.6
2017-02,MU,IT,ADD,8.92,78.2,Bull,False,22.87
2017-02,MLM,MAT,TRIM,6.99,61.24,Bull,False,201.67
2017-03,BAC,FIN,BUY,8.1,69.42,Bull,False,19.14
2017-03,DVN,EN,BUY,9.39,80.5,Bull,False,29.29
2017-03,PRU,FIN,BUY,7.0,55.03,Bull,False,70.22
2017-03,NSC,IND,SELL,0.0,53.2,Bull,False,93.36
2017-03,MLM,MAT,SELL,0.0,42.39,Bull,False,203.82
2017-03,HAL,EN,SELL,0.0,52.17,Bull,False,41.2
2017-03,AMD,IT,ADD,22.29,191.06,Bull,False,14.55
2017-03,NVDA,IT,TRIM,13.81,118.39,Bull,False,2.69
2017-03,FCX,MAT,TRIM,7.0,56.32,Bull,False,12.09
2017-04,TTWO,COM,BUY,6.99,45.32,Bull,False,62.85
2017-04,TMUS,COM,BUY,6.99,52.26,Bull,False,64.68
2017-04,LRCX,IT,BUY,6.99,45.61,Bull,False,12.8
2017-04,FCX,MAT,SELL,0.0,25.62,Bull,False,11.54
2017-04,DVN,EN,SELL,0.0,0.0,Bull,False,27.77
2017-04,PRU,FIN,SELL,0.0,42.21,Bull,False,70.45
2017-04,AMD,IT,TRIM,20.96,163.03,Bull,False,13.3
2017-04,NVDA,IT,ADD,14.46,112.47,Bull,False,2.57
2017-04,BAC,FIN,TRIM,7.36,57.22,Bull,False,18.99
2017-04,MU,IT,ADD,13.05,101.53,Bull,False,27.0
2017-05,NFLX,COM,BUY,7.02,52.51,Bull,False,16.31
2017-05,BAC,FIN,SELL,0.0,48.67,Bull,False,18.23
2017-05,AMD,IT,TRIM,17.67,132.08,Bull,False,11.19
2017-05,AMAT,IT,ADD,9.35,69.89,Bull,False,41.58
2017-05,TTWO,COM,ADD,8.15,60.91,Bull,False,76.74
2017-05,LRCX,IT,ADD,8.76,65.48,Bull,False,13.72
2017-06,AVGO,IT,BUY,7.0,45.56,Bull,False,18.17
2017-06,MAR,CD,BUY,7.28,50.47,Bull,False,93.12
2017-06,MS,FIN,SELL,0.0,44.39,Bull,False,34.51
2017-06,TMUS,COM,SELL,0.0,45.53,Bull,False,58.29
2017-06,AMD,IT,TRIM,12.91,89.55,Bull,False,12.48
2017-06,NVDA,IT,ADD,16.37,113.53,Bull,False,3.57
2017-06,TTWO,COM,ADD,9.79,67.92,Bull,False,73.38
2017-06,LRCX,IT,ADD,9.27,64.3,Bull,False,12.5
2017-06,DHR,HC,ADD,8.34,57.84,Bull,False,71.73
2017-07,BAC,FIN,BUY,9.13,62.14,Bull,False,19.69
2017-07,MS,FIN,BUY,8.25,56.14,Bull,False,36.33
2017-07,SCHW,FIN,BUY,7.9,53.76,Bull,False,38.22
2017-07,AVGO,IT,SELL,0.0,42.16,Bull,False,19.31
2017-07,MAR,CD,SELL,0.0,42.65,Bull,False,96.72
2017-07,NFLX,COM,SELL,0.0,49.06,Bull,False,18.17
2017-07,AMAT,IT,TRIM,8.17,55.6,Bull,False,40.25
2017-07,MU,IT,TRIM,11.38,77.48,Bull,False,27.44
2017-07,LRCX,IT,TRIM,7.86,53.53,Bull,False,14.14
2017-08,DE,IND,BUY,7.92,52.48,Bull,False,102.01
2017-08,BA,IND,BUY,9.48,62.76,Bull,False,225.83
2017-08,NFLX,COM,BUY,10.4,68.85,Bull,False,17.47
2017-08,MS,FIN,SELL,0.0,51.2,Bull,False,35.43
2017-08,DHR,HC,SELL,0.0,0.0,Bull,False,71.03
2017-08,SCHW,FIN,SELL,0.0,42.03,Bull,False,35.55
2017-08,AMD,IT,TRIM,10.34,68.51,Bull,False,13.0
2017-08,NVDA,IT,TRIM,15.88,105.16,Bull,False,4.18
2017-08,BAC,FIN,TRIM,7.92,52.43,Bull,False,19.5
2017-08,TTWO,COM,ADD,10.3,68.21,Bull,False,97.79
2017-08,LRCX,IT,ADD,8.89,58.88,Bull,False,14.71
2017-08,MU,IT,TRIM,10.81,71.62,Bull,False,31.19
2017-09,TSLA,CD,BUY,8.22,51.8,Bull,False,22.74
2017-09,ELV,HC,BUY,7.41,46.66,Bull,False,168.85
2017-09,VRTX,HC,BUY,8.41,52.98,Bull,False,152.04
2017-09,NOW,IT,BUY,7.45,46.93,Bull,False,23.51
2017-09,AMD,IT,SELL,0.0,0.0,Bull,False,12.75
2017-09,AMAT,IT,SELL,0.0,42.52,Bull,False,47.43
2017-09,BAC,FIN,SELL,0.0,0.0,Bull,False,20.79
2017-09,DE,IND,SELL,0.0,33.92,Bull,False,110.51
2017-09,NFLX,COM,TRIM,9.27,58.38,Bull,False,18.14
2017-09,TTWO,COM,ADD,12.87,81.08,Bull,False,102.23
2017-09,BA,IND,ADD,10.29,64.8,Bull,False,240.96
2017-10,AMAT,IT,BUY,8.32,55.74,Bull,False,51.38
2017-10,MAR,CD,BUY,7.64,51.14,Bull,False,111.28
2017-10,ELV,HC,SELL,0.0,43.28,Bull,False,186.72
2017-10,NOW,IT,SELL,0.0,39.53,Bull,False,25.27
2017-10,TSLA,CD,TRIM,7.68,51.39,Bull,False,22.1
2017-10,NVDA,IT,TRIM,14.39,96.37,Bull,False,5.11
2017-10,TTWO,COM,TRIM,12.23,81.88,Bull,False,110.65
2017-10,LRCX,IT,ADD,10.22,68.4,Bull,False,18.54
2017-10,MU,IT,ADD,11.86,79.39,Bull,False,43.23
2017-11,ELV,HC,BUY,7.6,55.61,Bull,False,209.7
2017-11,BAC,FIN,BUY,7.14,52.19,Bull,False,23.11
2017-11,TSLA,CD,SELL,0.0,51.68,Bull,False,20.59
2017-11,NFLX,COM,SELL,0.0,45.3,Bull,False,18.76
2017-11,AMAT,IT,ADD,9.21,67.35,Bull,False,48.05
2017-11,MU,IT,ADD,12.97,94.86,Bull,False,41.36
2017-11,VRTX,HC,ADD,8.97,65.63,Bull,False,144.29
2017-11,BA,IND,TRIM,8.53,62.38,Bull,False,262.38
2017-12,ISRG,HC,BUY,9.71,62.22,Bull,False,121.65
2017-12,AVGO,IT,BUY,7.92,50.73,Bull,False,20.2
2017-12,ADBE,IT,BUY,8.87,56.82,Bull,False,175.24
2017-12,AMAT,IT,SELL,0.0,50.46,Bull,False,46.62
2017-12,BAC,FIN,SELL,0.0,30.32,Bull,False,24.32
2017-12,MAR,CD,SELL,0.0,49.14,Bull,False,126.75
2017-12,NVDA,IT,TRIM,12.22,78.26,Bull,False,4.78
2017-12,LRCX,IT,TRIM,9.51,60.92,Bull,False,16.36
2017-12,MU,IT,TRIM,12.1,77.5,Bull,False,40.12
2017-12,BA,IND,ADD,9.97,63.87,Bull,False,281.05
2018-01,CAT,IND,BUY,9.07,55.98,Bull,False,136.35
2018-01,NOW,IT,BUY,9.1,56.19,Bull,False,29.77
2018-01,ELV,HC,SELL,0.0,46.35,Bull,False,221.87
2018-01,AVGO,IT,SELL,0.0,39.24,Bull,False,19.63
2018-01,NVDA,IT,TRIM,9.7,59.88,Bull,False,6.08
2018-01,ISRG,HC,TRIM,8.85,54.6,Bull,False,143.89
2018-01,MU,IT,TRIM,10.19,62.91,Bull,False,42.66
2018-01,VRTX,HC,ADD,11.5,71.01,Bull,False,166.87
2018-01,BA,IND,ADD,10.8,66.64,Bull,False,337.71
2018-02,MAR,CD,BUY,8.35,56.74,Bull,False,131.87
2018-02,ABBV,HC,BUY,9.48,64.36,Bull,False,82.2
2018-02,AMZN,CD,BUY,8.34,56.64,Bull,False,75.62
2018-02,NFLX,COM,BUY,9.61,65.28,Bull,False,29.14
2018-02,LRCX,IT,SELL,0.0,52.33,Bull,False,17.1
2018-02,CAT,IND,SELL,0.0,56.13,Bull,False,130.13
2018-02,ADBE,IT,SELL,0.0,56.64,Bull,False,209.13
2018-02,NOW,IT,SELL,0.0,49.64,Bull,False,32.2
2018-02,NVDA,IT,ADD,12.01,81.54,Bull,False,5.98
2018-02,MU,IT,TRIM,8.76,59.52,Bull,False,47.62
2018-02,VRTX,HC,TRIM,9.78,66.44,Bull,False,166.03
2018-02,BA,IND,ADD,11.8,80.15,Bull,False,345.18
2018-03,ADBE,IT,BUY,8.42,56.94,Bull,False,216.08
2018-03,NOW,IT,BUY,9.12,61.65,Bull,False,33.09
2018-03,ISRG,HC,SELL,0.0,55.15,Bull,False,137.61
2018-03,MAR,CD,SELL,0.0,49.7,Bull,False,127.28
2018-03,NVDA,IT,ADD,12.92,87.3,Bull,False,5.73
2018-03,NFLX,COM,ADD,10.62,71.79,Bull,False,29.53
2018-03,TTWO,COM,TRIM,9.98,67.46,Bull,False,97.78
2018-03,MU,IT,ADD,10.85,73.35,Bull,False,50.87
2018-03,VRTX,HC,TRIM,8.96,60.55,Bull,False,162.98
2018-03,BA,IND,TRIM,10.73,72.55,Bull,False,314.01
2018-04,ISRG,HC,BUY,22.61,47.99,Bear,False,146.93
2018-04,LRCX,IT,BUY,9.81,47.12,Bear,False,16.54
2018-04,CAT,IND,BUY,10.08,48.9,Bear,False,121.48
2018-04,TTWO,COM,SELL,0.0,0.0,Bear,False,99.71
2018-04,ABBV,HC,SELL,0.0,40.63,Bear,False,68.52
2018-04,VRTX,HC,SELL,0.0,39.91,Bear,False,153.16
2018-04,NVDA,IT,TRIM,6.67,75.75,Bear,False,5.56
2018-04,NOW,IT,TRIM,6.94,63.74,Bear,False,33.23
2018-04,NFLX,COM,TRIM,5.96,69.22,Bear,False,31.25
2018-04,MU,IT,TRIM,5.66,59.01,Bear,False,44.86
2018-04,BA,IND,TRIM,9.48,64.11,Bear,False,319.45
2018-04,ADBE,IT,ADD,13.9,50.71,Bear,False,221.6
2018-05,VLO,EN,BUY,10.23,57.9,Bull,False,88.33
2018-05,ABBV,HC,BUY,7.32,41.43,Bull,False,70.94
2018-05,LRCX,IT,SELL,0.0,0.0,Bull,False,17.71
2018-05,CAT,IND,SELL,0.0,37.08,Bull,False,128.48
2018-05,NVDA,IT,ADD,13.63,77.16,Bull,False,6.24
2018-05,NOW,IT,ADD,9.97,56.44,Bull,False,35.52
2018-05,NFLX,COM,ADD,12.71,71.93,Bull,False,35.16
2018-05,ISRG,HC,TRIM,8.1,45.87,Bull,False,153.22
2018-05,MU,IT,ADD,8.97,50.79,Bull,False,56.19
2018-05,BA,IND,ADD,10.85,61.42,Bull,False,337.26
2018-05,ADBE,IT,TRIM,8.92,50.5,Bull,False,249.28
2018-06,PSX,EN,BUY,7.86,45.8,Bull,False,82.66
2018-06,INTC,IT,BUY,7.76,45.2,Bull,False,42.26
2018-06,ISRG,HC,SELL,0.0,41.05,Bull,False,159.49
2018-06,ABBV,HC,SELL,0.0,43.79,Bull,False,66.43
2018-06,NVDA,IT,TRIM,9.64,56.12,Bull,False,5.86
2018-06,AMZN,CD,TRIM,8.48,49.37,Bull,False,84.99
2018-06,NOW,IT,TRIM,9.08,52.9,Bull,False,34.49
2018-06,VLO,EN,ADD,12.32,71.73,Bull,False,81.33
2018-06,MU,IT,ADD,10.76,62.68,Bull,False,51.17
2018-06,ADBE,IT,ADD,9.68,56.37,Bull,False,243.81
2018-07,TTWO,COM,BUY,8.45,47.81,Bull,False,113.02
2018-07,COP,EN,BUY,8.5,48.07,Bull,False,55.78
2018-07,PSX,EN,SELL,0.0,33.63,Bull,False,90.78
2018-07,INTC,IT,SELL,0.0,41.34,Bull,False,40.89
2018-07,NVDA,IT,TRIM,8.78,49.68,Bull,False,6.06
2018-07,AMZN,CD,ADD,9.95,56.3,Bull,False,88.87
2018-07,VLO,EN,TRIM,9.39,53.12,Bull,False,86.85
2018-07,NFLX,COM,ADD,17.02,96.31,Bull,False,33.74
2018-07,MU,IT,TRIM,9.95,56.31,Bull,False,51.51
2018-07,BA,IND,TRIM,9.72,54.99,Bull,False,342.93
2018-08,ISRG,HC,BUY,9.28,48.54,Bull,False,186.67
2018-08,HCA,HC,BUY,8.46,44.27,Bull,False,125.33
2018-08,NSC,IND,BUY,8.15,42.62,Bull,False,148.63
2018-08,TTWO,COM,SELL,0.0,0.0,Bull,False,133.56
2018-08,BA,IND,SELL,0.0,40.61,Bull,False,329.93
2018-08,NVDA,IT,SELL,0.0,0.0,Bull,False,6.95
2018-08,AMZN,CD,ADD,11.23,58.75,Bull,False,100.64
2018-08,VLO,EN,ADD,10.99,57.48,Bull,False,86.51
2018-08,NFLX,COM,TRIM,11.84,61.93,Bull,False,36.77
2018-08,MU,IT,ADD,12.04,62.98,Bull,False,51.24
2018-08,COP,EN,ADD,9.28,48.51,Bull,False,56.99
2018-09,AMD,IT,BUY,11.21,66.07,Bull,False,30.89
2018-09,ORLY,CD,BUY,9.11,53.66,Bull,False,23.15
2018-09,NSC,IND,SELL,0.0,38.62,Bull,False,155.06
2018-09,MU,IT,SELL,0.0,49.64,Bull,False,44.13
2018-09,AMZN,CD,ADD,12.21,71.91,Bull,False,100.15
2018-09,VLO,EN,TRIM,9.9,58.35,Bull,False,84.06
2018-09,NFLX,COM,ADD,12.63,74.41,Bull,False,37.41
2018-09,ISRG,HC,TRIM,8.73,51.41,Bull,False,191.33
2018-09,HCA,HC,ADD,9.17,54.03,Bull,False,130.35
2018-09,ADBE,IT,TRIM,8.99,52.96,Bull,False,269.95
2018-10,NKE,CD,BUY,5.84,50.26,Bull,True,67.84
2018-10,CRM,IT,BUY,6.18,53.2,Bull,True,135.59
2018-10,INTU,IT,BUY,5.57,47.92,Bull,True,200.54
2018-10,ORLY,CD,SELL,0.0,47.79,Bull,True,21.38
2018-10,VLO,EN,SELL,0.0,42.26,Bull,True,67.32
2018-10,COP,EN,SELL,0.0,45.49,Bull,True,54.25
2018-10,AMD,IT,TRIM,10.28,88.49,Bull,True,18.21
2018-10,NFLX,COM,TRIM,8.41,72.42,Bull,True,30.18
2018-10,NOW,IT,TRIM,5.92,50.95,Bull,True,36.21
2018-10,AMZN,CD,TRIM,8.53,73.41,Bull,True,79.9
2018-10,ISRG,HC,TRIM,5.79,49.86,Bull,True,173.73
2018-10,HCA,HC,TRIM,6.6,56.79,Bull,True,125.12
2018-10,ADBE,IT,TRIM,6.89,59.31,Bull,True,245.76
2018-11,ORLY,CD,BUY,6.17,41.9,Bear,True,23.12
2018-11,BA,IND,BUY,5.09,33.9,Bear,True,335.4
2018-11,TJX,CD,BUY,8.69,47.09,Bear,True,44.16
2018-11,COST,CS,BUY,14.29,36.12,Bear,True,208.61
2018-11,ISRG,HC,SELL,0.0,32.82,Bear,True,176.96
2018-11,CRM,IT,SELL,0.0,29.34,Bear,True,141.05
2018-11,NKE,CD,SELL,0.0,32.25,Bear,True,67.91
2018-11,NFLX,COM,SELL,0.0,0.0,Bear,True,28.61
2018-11,AMD,IT,TRIM,1.9,50.5,Bear,True,21.3
2018-11,INTU,IT,ADD,8.01,34.38,Bear,True,204.34
2018-11,NOW,IT,TRIM,3.76,35.95,Bear,True,37.05
2018-11,AMZN,CD,TRIM,4.58,36.87,Bear,True,84.51
2018-11,HCA,HC,ADD,11.02,57.77,Bear,True,134.92
2018-12,LLY,HC,BUY,11.55,36.38,Bear,True,105.1
2018-12,MRK,HC,BUY,13.39,39.32,Bear,True,57.86
2018-12,CRM,IT,BUY,5.25,31.37,Bear,True,135.33
2018-12,BA,IND,SELL,0.0,0.0,Bear,True,313.37
2018-12,TJX,CD,SELL,0.0,27.43,Bear,True,40.6
2018-12,COST,CS,SELL,0.0,23.74,Bear,True,184.18
2018-12,HCA,HC,TRIM,10.42,53.65,Bear,True,116.89
2019-01,ISRG,HC,BUY,9.56,27.18,Bear,True,174.55
2019-01,CME,FIN,BUY,6.69,29.35,Bear,True,138.77
2019-01,ABT,HC,BUY,9.44,25.51,Bear,True,64.25
2019-01,INTU,IT,SELL,0.0,0.0,Bear,True,205.57
2019-01,ADBE,IT,SELL,0.0,0.0,Bear,True,247.82
2019-01,AMZN,CD,SELL,0.0,0.0,Bear,True,85.94
2019-01,LLY,HC,TRIM,10.07,33.97,Bear,True,108.87
2019-01,ORLY,CD,TRIM,5.13,35.87,Bear,True,22.98
2019-01,MRK,HC,TRIM,11.54,33.76,Bear,True,56.75
2019-01,CRM,IT,TRIM,4.55,29.25,Bear,True,150.15
2019-01,HCA,HC,TRIM,8.34,36.03,Bear,True,130.96
2019-02,INTU,IT,BUY,5.99,25.98,Bull,True,235.94
2019-02,O,RE,BUY,7.0,30.33,Bull,True,47.66
2019-02,WELL,RE,BUY,7.24,31.4,Bull,True,59.21
2019-02,ISRG,HC,SELL,0.0,19.31,Bull,True,182.54
2019-02,CME,FIN,SELL,0.0,19.76,Bull,True,138.49
2019-02,ABT,HC,SELL,0.0,17.86,Bull,True,68.65
2019-02,AMD,IT,ADD,4.9,57.47,Bull,True,23.53
2019-02,LLY,HC,TRIM,9.48,41.12,Bull,True,114.71
2019-02,ORLY,CD,ADD,6.09,26.4,Bull,True,24.8
2019-02,NOW,IT,ADD,9.01,39.06,Bull,True,47.89
2019-02,MRK,HC,TRIM,5.96,25.83,Bull,True,61.98
2019-02,CRM,IT,ADD,6.65,28.83,Bull,True,161.69
2019-02,HCA,HC,TRIM,7.68,33.27,Bull,True,130.6
2019-03,AZO,CD,BUY,6.04,34.54,Bull,True,1024.12
2019-03,AMD,IT,SELL,0.0,0.0,Bull,True,25.52
2019-03,ORLY,CD,ADD,7.36,42.08,Bull,True,25.89
2019-03,INTU,IT,ADD,7.02,40.14,Bull,True,249.57
2019-03,NOW,IT,TRIM,6.94,39.68,Bull,True,49.3
2019-03,MRK,HC,ADD,7.61,43.52,Bull,True,63.42
2019-03,CRM,IT,TRIM,5.98,34.2,Bull,True,156.47
2019-03,HCA,HC,TRIM,6.1,34.9,Bull,True,122.82
2019-04,AMT,RE,BUY,5.45,32.62,Bull,True,162.61
2019-04,NSC,IND,BUY,5.67,33.92,Bull,True,177.01
2019-04,CRM,IT,SELL,0.0,0.0,Bull,True,163.37
2019-04,HCA,HC,SELL,0.0,0.0,Bull,True,119.85
2019-04,AZO,CD,ADD,7.63,45.66,Bull,True,1028.31
2019-05,AMD,IT,BUY,5.1,93.2,Bull,True,27.41
2019-05,QCOM,IT,BUY,9.42,56.57,Bull,True,56.71
2019-05,PG,CS,BUY,7.02,42.15,Bull,True,86.87
2019-05,MRK,HC,SELL,0.0,31.87,Bull,True,60.81
2019-05,INTU,IT,SELL,0.0,31.51,Bull,True,234.18
2019-05,O,RE,SELL,0.0,37.09,Bull,True,48.76
2019-05,ORLY,CD,TRIM,6.51,39.1,Bull,True,24.76
2019-05,LLY,HC,TRIM,6.49,39.0,Bull,True,105.88
2019-05,AMT,RE,ADD,6.35,38.11,Bull,True,174.62
2019-05,NOW,IT,ADD,8.18,49.12,Bull,True,52.39
2019-05,NSC,IND,ADD,6.19,37.18,Bull,True,169.31
2019-05,AZO,CD,ADD,8.3,49.87,Bull,True,1027.11
2019-06,SBUX,CD,BUY,6.57,31.7,Bear,True,72.28
2019-06,MRK,HC,BUY,12.68,31.39,Bear,True,64.37
2019-06,O,RE,BUY,6.19,31.71,Bear,True,48.15
2019-06,NSC,IND,SELL,0.0,27.19,Bear,True,173.69
2019-06,LLY,HC,SELL,0.0,0.0,Bear,True,101.74
2019-06,QCOM,IT,SELL,0.0,18.13,Bear,True,64.56
2019-06,AMD,IT,TRIM,1.9,69.13,Bear,True,30.37
2019-06,ORLY,CD,TRIM,5.74,32.1,Bear,True,24.62
2019-06,PG,CS,ADD,15.22,37.38,Bear,True,92.56
2019-06,NOW,IT,TRIM,4.58,38.85,Bear,True,54.91
2019-06,AZO,CD,TRIM,5.05,45.86,Bear,True,1099.47
2019-06,WELL,RE,TRIM,5.67,39.62,Bear,True,66.46
2019-07,ECL,MAT,BUY,6.1,35.25,Bull,True,187.79
2019-07,APD,MAT,BUY,6.93,40.07,Bull,True,195.34
2019-07,DHR,HC,BUY,6.51,37.64,Bull,True,121.07
2019-07,WM,IND,BUY,6.41,37.03,Bull,True,104.77
2019-07,ORLY,CD,SELL,0.0,30.01,Bull,True,25.38
2019-07,MRK,HC,SELL,0.0,35.13,Bull,True,64.14
2019-07,O,RE,SELL,0.0,29.11,Bull,True,48.47
2019-07,WELL,RE,SELL,0.0,31.19,Bull,True,67.76
2019-07,AMD,IT,ADD,4.9,70.61,Bull,True,30.45
2019-07,SBUX,CD,ADD,9.72,56.22,Bull,True,81.65
2019-07,PG,CS,TRIM,6.44,37.26,Bull,True,99.65
2019-07,NOW,IT,ADD,8.04,46.5,Bull,True,55.48
2019-07,AZO,CD,ADD,8.54,49.39,Bull,True,1123.04
2019-08,WELL,RE,BUY,5.85,33.26,Bull,True,73.01
2019-08,WM,IND,SELL,0.0,28.22,Bull,True,106.87
2019-08,SBUX,CD,ADD,10.81,61.4,Bull,True,83.26
2019-08,APD,MAT,TRIM,6.24,35.44,Bull,True,193.32
2019-08,PG,CS,ADD,7.23,41.08,Bull,True,102.15
2019-08,DHR,HC,TRIM,5.64,32.02,Bull,True,122.44
2019-09,SO,UT,BUY,6.16,33.51,Bull,True,48.13
2019-09,MCD,CD,BUY,5.88,31.99,Bull,True,184.66
2019-09,AMD,IT,SELL,0.0,22.27,Bull,True,28.99
2019-09,NOW,IT,SELL,0.0,28.78,Bull,True,50.77
2019-09,AMT,RE,ADD,8.34,45.4,Bull,True,185.76
2019-09,ECL,MAT,TRIM,5.99,32.61,Bull,True,184.36
2019-09,AZO,CD,TRIM,6.66,36.23,Bull,True,1084.62
2019-10,KLAC,IT,BUY,8.03,47.72,Bull,True,156.37
2019-10,XEL,UT,BUY,5.85,34.76,Bull,True,52.08
2019-10,NEE,UT,BUY,5.96,35.42,Bull,True,50.75
2019-10,MLM,MAT,BUY,7.05,41.92,Bull,True,250.5
2019-10,LRCX,IT,BUY,7.51,44.67,Bull,True,25.11
2019-10,APD,MAT,SELL,0.0,30.85,Bull,True,183.45
2019-10,ECL,MAT,SELL,0.0,24.42,Bull,True,179.21
2019-10,MCD,CD,SELL,0.0,27.32,Bull,True,169.17
2019-10,DHR,HC,SELL,0.0,29.02,Bull,True,118.9
2019-10,AZO,CD,SELL,0.0,33.52,Bull,True,1144.38
2019-10,AMT,RE,TRIM,7.4,43.98,Bull,True,183.99
2019-10,SBUX,CD,TRIM,7.75,46.08,Bull,True,73.19
2019-11,AMD,IT,BUY,8.87,62.23,Bull,True,39.15
2019-11,AMAT,IT,BUY,7.43,52.12,Bull,True,54.45
2019-11,EQIX,RE,BUY,6.05,42.43,Bull,True,502.11
2019-11,SHW,MAT,BUY,5.47,38.42,Bull,True,183.53
2019-11,AZO,CD,BUY,6.34,44.48,Bull,True,1177.92
2019-11,AMT,RE,SELL,0.0,35.49,Bull,True,180.57
2019-11,PG,CS,SELL,0.0,36.95,Bull,True,104.37
2019-11,XEL,UT,SELL,0.0,28.73,Bull,True,50.42
2019-11,NEE,UT,SELL,0.0,34.81,Bull,True,49.79
2019-11,WELL,RE,SELL,0.0,36.22,Bull,True,69.63
2019-11,SBUX,CD,TRIM,5.58,39.13,Bull,True,73.94
2019-11,KLAC,IT,ADD,9.13,64.1,Bull,True,151.58
2019-11,MLM,MAT,TRIM,6.19,43.41,Bull,True,256.71
2019-11,LRCX,IT,ADD,9.58,67.21,Bull,True,24.72
2019-11,SO,UT,TRIM,5.38,37.78,Bull,True,48.3
2019-12,APD,MAT,BUY,6.12,40.81,Bull,True,202.15
2019-12,NOW,IT,BUY,6.35,42.38,Bull,True,56.46
2019-12,GE,IND,BUY,6.76,45.09,Bull,True,53.97
2019-12,AAPL,IT,BUY,6.28,41.85,Bull,True,70.79
2019-12,QCOM,IT,BUY,6.0,39.99,Bull,True,76.16
2019-12,SBUX,CD,SELL,0.0,26.62,Bull,True,76.48
2019-12,MLM,MAT,SELL,0.0,35.13,Bull,True,268.0
2019-12,SO,UT,SELL,0.0,31.72,Bull,True,50.13
2019-12,SHW,MAT,SELL,0.0,32.8,Bull,True,184.01
2019-12,AZO,CD,SELL,0.0,37.56,Bull,True,1191.31
2019-12,AMAT,IT,TRIM,6.91,46.06,Bull,True,57.6
2019-12,KLAC,IT,TRIM,8.04,53.6,Bull,True,165.61
2019-12,LRCX,IT,TRIM,8.31,55.44,Bull,True,27.09
2020-01,MLM,MAT,BUY,5.52,49.58,Bull,True,252.82
2020-01,NVDA,IT,BUY,6.36,57.07,Bull,True,5.88
2020-01,MU,IT,BUY,5.88,52.76,Bull,True,51.8
2020-01,GE,IND,SELL,0.0,43.18,Bull,True,60.26
2020-01,APD,MAT,SELL,0.0,40.75,Bull,True,206.36
2020-01,NOW,IT,SELL,0.0,46.1,Bull,True,67.65
2020-01,AMD,IT,ADD,10.14,91.0,Bull,True,47.0
2020-01,AAPL,IT,ADD,7.09,63.64,Bull,True,74.61
2020-01,QCOM,IT,TRIM,5.32,47.78,Bull,True,74.21
2020-02,TSLA,CD,BUY,9.49,75.09,Bull,True,44.53
2020-02,MSFT,IT,BUY,6.36,50.33,Bull,True,153.48
2020-02,NEE,UT,BUY,5.42,42.84,Bull,True,54.11
2020-02,NOW,IT,BUY,5.44,43.0,Bull,True,65.22
2020-02,AMAT,IT,SELL,0.0,41.28,Bull,True,54.85
2020-02,MU,IT,SELL,0.0,32.86,Bull,True,51.28
2020-02,MLM,MAT,SELL,0.0,40.99,Bull,True,218.06
2020-02,EQIX,RE,SELL,0.0,42.31,Bull,True,509.63
2020-02,AMD,IT,TRIM,8.28,65.52,Bull,True,45.48
2020-02,KLAC,IT,TRIM,5.89,46.59,Bull,True,142.88
2020-02,LRCX,IT,TRIM,7.41,58.57,Bull,True,27.3
2020-02,AAPL,IT,ADD,8.03,63.53,Bull,True,65.89
2020-02,QCOM,IT,ADD,7.34,58.02,Bull,True,68.11
2020-03,AMAT,IT,BUY,4.9,43.42,Bear,True,43.38
2020-03,EQIX,RE,BUY,7.71,32.17,Bear,True,557.99
2020-03,NOW,IT,SELL,0.0,30.89,Bear,True,57.32
2020-03,KLAC,IT,SELL,0.0,31.02,Bear,True,134.27
2020-03,TSLA,CD,TRIM,3.05,73.63,Bear,True,34.93
2020-03,AMD,IT,TRIM,2.73,65.9,Bear,True,45.48
2020-03,NVDA,IT,TRIM,3.37,56.39,Bear,True,6.56
2020-03,NEE,UT,ADD,24.66,32.14,Bear,True,51.78
2020-03,LRCX,IT,TRIM,4.56,53.18,Bear,True,22.33
2020-03,AAPL,IT,TRIM,5.46,47.15,Bear,True,61.44
2020-03,QCOM,IT,TRIM,3.81,41.92,Bear,True,58.85
2020-03,MSFT,IT,ADD,9.75,38.36,Bear,True,149.81
2020-04,NEM,MAT,BUY,6.04,27.58,Bear,True,49.95
2020-04,VRTX,HC,BUY,10.34,25.74,Bear,True,251.2
2020-04,AMAT,IT,SELL,0.0,0.0,Bear,True,47.03
2020-04,QCOM,IT,SELL,0.0,0.0,Bear,True,68.98
2020-04,EQIX,RE,TRIM,6.84,33.89,Bear,True,603.23
2020-04,NEE,UT,TRIM,21.37,24.13,Bear,True,49.74
2020-04,LRCX,IT,TRIM,3.84,31.44,Bear,True,23.89
2020-04,AAPL,IT,TRIM,4.84,30.47,Bear,True,70.99
2020-04,MSFT,IT,TRIM,8.62,30.37,Bear,True,170.23
2020-05,BMY,HC,BUY,11.4,30.28,Bear,True,47.86
2020-05,AMGN,HC,BUY,12.28,31.75,Bear,True,190.99
2020-05,NEE,UT,SELL,0.0,0.0,Bear,True,55.0
2020-05,LRCX,IT,SELL,0.0,0.0,Bear,True,25.62
2020-05,NEM,MAT,TRIM,5.44,68.85,Bear,True,49.1
2020-05,VRTX,HC,ADD,11.22,39.65,Bear,True,287.96
2020-06,LRCX,IT,BUY,6.99,47.04,Bull,False,30.28
2020-06,NOW,IT,BUY,6.99,39.27,Bull,False,81.01
2020-06,KLAC,IT,BUY,8.08,55.71,Bull,False,182.54
2020-06,BMY,HC,SELL,0.0,30.73,Bull,False,47.12
2020-06,EQIX,RE,SELL,0.0,38.0,Bull,False,629.97
2020-06,AMGN,HC,SELL,0.0,0.0,Bull,False,197.44
2020-06,TSLA,CD,ADD,21.85,150.62,Bull,False,71.99
2020-06,AMD,IT,ADD,9.78,67.44,Bull,False,52.61
2020-06,NVDA,IT,ADD,14.03,96.7,Bull,False,9.46
2020-06,NEM,MAT,ADD,8.46,58.34,Bull,False,51.85
2020-06,VRTX,HC,TRIM,7.97,54.98,Bull,False,290.31
2020-06,AAPL,IT,ADD,8.84,60.97,Bull,False,88.38
2020-06,MSFT,IT,TRIM,6.99,40.63,Bull,False,193.85
2020-07,LLY,HC,BUY,23.41,41.45,Bear,False,140.97
2020-07,NOW,IT,SELL,0.0,38.88,Bear,False,87.84
2020-07,TSLA,CD,TRIM,4.14,157.53,Bear,False,95.38
2020-07,AMD,IT,TRIM,4.4,54.95,Bear,False,77.43
2020-07,NVDA,IT,TRIM,5.54,84.1,Bear,False,10.58
2020-07,VRTX,HC,ADD,17.53,45.94,Bear,False,272.0
2020-07,AAPL,IT,TRIM,8.04,62.34,Bear,False,102.98
2020-07,MSFT,IT,ADD,13.75,43.04,Bear,False,195.28
2020-08,EQIX,RE,BUY,6.99,46.45,Bull,False,708.44
2020-08,NOW,IT,BUY,6.99,45.95,Bull,False,96.4
2020-08,AMZN,CD,BUY,6.99,52.78,Bull,False,172.55
2020-08,LLY,HC,SELL,0.0,34.29,Bull,False,139.19
2020-08,MSFT,IT,SELL,0.0,42.07,Bull,False,214.83
2020-08,KLAC,IT,SELL,0.0,40.26,Bull,False,192.55
2020-08,TSLA,CD,ADD,22.86,177.86,Bull,False,166.11
2020-08,AMD,IT,ADD,12.0,93.33,Bull,False,90.82
2020-08,NVDA,IT,ADD,11.9,92.57,Bull,False,13.33
2020-08,LRCX,IT,ADD,7.86,61.15,Bull,False,31.61
2020-08,VRTX,HC,TRIM,6.99,49.01,Bull,False,279.12
2020-08,AAPL,IT,ADD,9.03,70.26,Bull,False,125.06
2020-09,FCX,MAT,BUY,6.97,53.91,Bull,False,14.6
2020-09,CRM,IT,BUY,6.97,55.79,Bull,False,248.3
2020-09,ADBE,IT,BUY,6.97,59.03,Bull,False,490.43
2020-09,NFLX,COM,BUY,6.97,58.93,Bull,False,50.0
2020-09,NEM,MAT,SELL,0.0,53.71,Bull,False,53.51
2020-09,LRCX,IT,SELL,0.0,48.78,Bull,False,31.17
2020-09,EQIX,RE,SELL,0.0,36.75,Bull,False,684.2
2020-09,VRTX,HC,SELL,0.0,43.86,Bull,False,272.12
2020-09,TSLA,CD,ADD,25.2,240.19,Bull,False,143.0
2020-09,AMD,IT,TRIM,11.13,106.05,Bull,False,81.99
2020-09,AAPL,IT,ADD,9.62,91.72,Bull,False,112.44
2020-10,FDX,IND,BUY,6.62,56.49,Bear,True,234.22
2020-10,NEM,MAT,BUY,8.88,52.91,Bear,True,53.2
2020-10,FCX,MAT,SELL,0.0,50.05,Bear,True,16.19
2020-10,CRM,IT,SELL,0.0,52.65,Bear,True,229.48
2020-10,TSLA,CD,TRIM,3.63,218.67,Bear,True,129.35
2020-10,AMD,IT,TRIM,4.13,103.96,Bear,True,75.29
2020-10,NVDA,IT,TRIM,5.4,113.62,Bear,True,12.49
2020-10,NOW,IT,ADD,9.1,64.74,Bear,True,99.51
2020-10,AMZN,CD,ADD,7.69,59.55,Bear,True,151.81
2020-10,AAPL,IT,TRIM,7.46,73.66,Bear,True,105.69
2020-10,ADBE,IT,ADD,10.27,57.4,Bear,True,447.1
2020-11,FCX,MAT,BUY,4.24,57.79,Bear,True,21.84
2020-11,DHR,HC,BUY,19.92,51.46,Bear,True,194.66
2020-11,NEM,MAT,SELL,0.0,47.3,Bear,True,49.79
2020-11,ADBE,IT,SELL,0.0,47.54,Bear,True,478.47
2020-11,NVDA,IT,TRIM,4.87,91.6,Bear,True,13.36
2020-11,NOW,IT,TRIM,8.21,69.93,Bear,True,106.91
2020-11,FDX,IND,TRIM,5.96,54.73,Bear,True,258.69
2020-11,AMZN,CD,TRIM,7.01,53.59,Bear,True,158.4
2020-11,NFLX,COM,TRIM,6.12,50.4,Bear,True,49.07
2020-11,AAPL,IT,TRIM,6.67,56.97,Bear,True,115.58
2020-12,QCOM,IT,BUY,5.07,59.48,Bull,True,135.33
2020-12,LRCX,IT,BUY,4.9,54.66,Bull,True,44.55
2020-12,DHR,HC,SELL,0.0,43.54,Bull,True,192.5
2020-12,NFLX,COM,SELL,0.0,44.43,Bull,True,54.07
2020-12,TSLA,CD,ADD,18.34,215.19,Bull,True,235.22
2020-12,AMD,IT,ADD,7.34,86.15,Bull,True,91.71
2020-12,NVDA,IT,ADD,7.74,90.76,Bull,True,13.01
2020-12,NOW,IT,TRIM,5.42,63.58,Bull,True,110.09
2020-12,FCX,MAT,ADD,6.17,72.42,Bull,True,24.29
2020-12,FDX,IND,TRIM,5.11,59.94,Bull,True,234.35
2020-12,AMZN,CD,TRIM,4.9,56.49,Bull,True,162.85
2020-12,AAPL,IT,TRIM,5.01,58.75,Bull,True,129.05
2021-01,TMUS,COM,BUY,7.0,54.21,Bull,False,121.22
2021-01,LRCX,IT,SELL,0.0,49.75,Bull,False,45.77
2021-01,TSLA,CD,ADD,27.24,213.23,Bull,False,264.51
2021-01,AMD,IT,ADD,8.85,69.3,Bull,False,85.64
2021-01,NVDA,IT,ADD,10.2,79.85,Bull,False,12.95
2021-01,NOW,IT,ADD,8.53,66.77,Bull,False,108.63
2021-01,FCX,MAT,ADD,8.8,68.84,Bull,False,25.12
2021-01,AMZN,CD,ADD,7.24,56.68,Bull,False,160.31
2021-01,FDX,IND,ADD,7.12,55.74,Bull,False,212.91
2021-01,AAPL,IT,ADD,7.67,60.05,Bull,False,128.34
2021-01,QCOM,IT,ADD,7.34,57.49,Bull,False,139.43
2021-02,AMAT,IT,BUY,10.69,52.45,Bear,False,113.04
2021-02,DE,IND,BUY,14.13,61.65,Bear,False,327.07
2021-02,KLAC,IT,BUY,12.17,54.25,Bear,False,294.52
2021-02,TMUS,COM,SELL,0.0,46.51,Bear,False,115.35
2021-02,AMZN,CD,SELL,0.0,46.76,Bear,False,154.65
2021-02,NOW,IT,SELL,0.0,47.37,Bear,False,106.69
2021-02,TSLA,CD,TRIM,5.81,180.81,Bear,False,225.17
2021-02,AMD,IT,TRIM,7.09,60.0,Bear,False,84.51
2021-02,NVDA,IT,TRIM,9.45,78.9,Bear,False,13.68
2021-02,FCX,MAT,TRIM,7.87,88.93,Bear,False,31.66
2021-02,FDX,IND,ADD,10.8,50.17,Bear,False,230.25
2021-02,AAPL,IT,ADD,12.25,54.24,Bear,False,117.93
2021-02,QCOM,IT,ADD,9.75,63.06,Bear,False,121.5
2021-03,AVGO,IT,BUY,13.12,58.9,Bear,False,41.71
2021-03,LRCX,IT,BUY,9.54,67.54,Bear,False,56.3
2021-03,CAT,IND,BUY,13.09,58.05,Bear,False,211.47
2021-03,AMD,IT,SELL,0.0,0.0,Bear,False,78.5
2021-03,AAPL,IT,SELL,0.0,0.0,Bear,False,118.97
2021-03,QCOM,IT,SELL,0.0,57.88,Bear,False,118.29
2021-03,TSLA,CD,TRIM,5.3,162.06,Bear,False,222.64
2021-03,AMAT,IT,TRIM,9.56,72.32,Bear,False,128.02
2021-03,NVDA,IT,TRIM,8.74,71.03,Bear,False,13.31
2021-03,KLAC,IT,TRIM,11.16,72.34,Bear,False,313.52
2021-03,FCX,MAT,TRIM,7.09,122.51,Bear,False,30.74
2021-03,FDX,IND,TRIM,9.96,60.42,Bear,False,256.97
2021-03,DE,IND,TRIM,12.43,81.95,Bear,False,350.51
2021-04,MPC,EN,BUY,7.5,87.52,Bull,False,49.15
2021-04,HAL,EN,BUY,9.96,116.16,Bull,False,17.82
2021-04,GM,CD,BUY,8.82,102.92,Bull,False,55.08
2021-04,DVN,EN,BUY,10.39,121.16,Bull,False,18.17
2021-04,F,CD,BUY,7.98,93.07,Bull,False,8.66
2021-04,NVDA,IT,SELL,0.0,0.0,Bull,False,14.97
2021-04,KLAC,IT,SELL,0.0,84.8,Bull,False,299.23
2021-04,FDX,IND,SELL,0.0,86.61,Bull,False,263.33
2021-04,AVGO,IT,SELL,0.0,71.53,Bull,False,41.36
2021-04,CAT,IND,SELL,0.0,72.02,Bull,False,208.04
2021-04,TSLA,CD,ADD,15.88,185.21,Bull,False,236.48
2021-04,FCX,MAT,ADD,13.59,158.48,Bull,False,35.21
2021-04,LRCX,IT,TRIM,7.93,92.47,Bull,False,58.82
2021-04,DE,IND,TRIM,8.69,101.33,Bull,False,348.28
2021-05,UPS,IND,BUY,7.98,79.63,Bull,False,173.26
2021-05,MS,FIN,BUY,7.69,76.71,Bull,False,77.84
2021-05,FDX,IND,BUY,8.43,84.11,Bull,False,285.55
2021-05,MPC,EN,SELL,0.0,60.86,Bull,False,54.58
2021-05,DVN,EN,SELL,0.0,69.04,Bull,False,20.64
2021-05,HAL,EN,SELL,0.0,63.32,Bull,False,20.46
2021-05,TSLA,CD,TRIM,15.16,151.22,Bull,False,208.41
2021-05,AMAT,IT,ADD,9.97,99.47,Bull,False,132.37
2021-05,FCX,MAT,ADD,14.55,145.18,Bull,False,39.97
2021-05,GM,CD,ADD,9.45,94.28,Bull,False,57.09
2021-05,LRCX,IT,ADD,9.03,90.09,Bull,False,61.61
2021-05,DE,IND,ADD,9.55,95.25,Bull,False,339.12
2021-06,NUE,MAT,BUY,9.08,91.81,Bull,False,89.2
2021-06,DVN,EN,BUY,9.5,96.07,Bull,False,22.69
2021-06,SPG,RE,BUY,8.56,86.59,Bull,False,99.99
2021-06,UPS,IND,SELL,0.0,79.57,Bull,False,168.72
2021-06,MS,FIN,SELL,0.0,74.53,Bull,False,78.47
2021-06,GM,CD,SELL,0.0,82.93,Bull,False,56.95
2021-06,TSLA,CD,TRIM,13.06,132.01,Bull,False,226.57
2021-06,AMAT,IT,TRIM,9.02,91.18,Bull,False,136.7
2021-06,FCX,MAT,ADD,15.35,155.19,Bull,False,34.72
2021-06,F,CD,ADD,9.24,93.4,Bull,False,11.15
2021-06,DE,IND,TRIM,8.69,87.83,Bull,False,331.24
2021-07,HCA,HC,BUY,8.65,76.08,Bull,False,238.48
2021-07,GM,CD,BUY,9.66,84.96,Bull,False,54.71
2021-07,SCHW,FIN,BUY,8.92,78.42,Bull,False,63.82
2021-07,TSLA,CD,SELL,0.0,0.0,Bull,False,229.07
2021-07,LRCX,IT,SELL,0.0,71.18,Bull,False,60.55
2021-07,SPG,RE,SELL,0.0,71.14,Bull,False,96.96
2021-07,AMAT,IT,ADD,9.86,86.67,Bull,False,134.32
2021-07,FCX,MAT,TRIM,13.28,116.77,Bull,False,35.65
2021-07,NUE,MAT,ADD,9.92,87.18,Bull,False,97.14
2021-07,DVN,EN,ADD,11.46,100.73,Bull,False,20.32
2021-07,F,CD,ADD,10.17,89.37,Bull,False,10.47
2021-07,DE,IND,ADD,9.35,82.23,Bull,False,340.46
2021-08,GE,IND,BUY,9.13,76.18,Bull,False,64.2
2021-08,SPG,RE,BUY,9.27,77.29,Bull,False,104.15
2021-08,FDX,IND,SELL,0.0,51.84,Bull,False,241.59
2021-08,HCA,HC,SELL,0.0,67.99,Bull,False,243.08
2021-08,NUE,MAT,ADD,11.2,93.41,Bull,False,109.78
2021-08,F,CD,TRIM,8.96,74.69,Bull,False,9.78
2021-08,DE,IND,TRIM,8.75,72.96,Bull,False,355.94
2021-09,WFC,FIN,BUY,8.16,65.18,Bull,False,41.56
2021-09,MS,FIN,BUY,8.97,71.64,Bull,False,83.89
2021-09,GS,FIN,BUY,9.03,72.11,Bull,False,338.01
2021-09,GM,CD,SELL,0.0,0.0,Bull,False,50.74
2021-09,F,CD,SELL,0.0,64.74,Bull,False,10.63
2021-09,DE,IND,SELL,0.0,59.89,Bull,False,315.49
2021-09,AMAT,IT,ADD,9.96,79.55,Bull,False,123.8
2021-09,FCX,MAT,TRIM,10.65,85.07,Bull,False,30.5
2021-09,NUE,MAT,ADD,12.22,97.61,Bull,False,91.97
2021-09,DVN,EN,ADD,13.33,106.45,Bull,False,27.92
2021-10,EOG,EN,BUY,8.61,84.33,Bear,False,74.13
2021-10,MPC,EN,BUY,8.09,79.05,Bear,False,59.37
2021-10,F,CD,BUY,11.84,75.43,Bear,False,12.82
2021-10,COP,EN,BUY,9.82,76.12,Bear,False,63.27
2021-10,OXY,EN,BUY,5.6,108.57,Bear,False,31.48
2021-10,AMAT,IT,SELL,0.0,0.0,Bear,False,131.42
2021-10,FCX,MAT,SELL,0.0,0.0,Bear,False,35.37
2021-10,GE,IND,SELL,0.0,0.0,Bear,False,63.92
2021-10,WFC,FIN,SELL,0.0,69.44,Bear,False,45.81
2021-10,GS,FIN,SELL,0.0,64.94,Bear,False,369.59
2021-10,MS,FIN,ADD,14.04,72.35,Bear,False,88.61
2021-10,SPG,RE,TRIM,8.56,75.39,Bear,False,114.83
2021-10,DVN,EN,TRIM,5.91,136.61,Bear,False,32.07
2021-10,SCHW,FIN,ADD,15.46,71.05,Bear,False,77.22
2021-11,TSLA,CD,BUY,10.24,105.46,Bull,False,381.59
2021-11,AMAT,IT,BUY,8.2,84.44,Bull,False,141.55
2021-11,WFC,FIN,BUY,8.58,88.35,Bull,False,42.79
2021-11,MS,FIN,SELL,0.0,78.23,Bull,False,82.31
2021-11,SCHW,FIN,SELL,0.0,70.3,Bull,False,72.86
2021-11,F,CD,SELL,0.0,79.28,Bull,False,14.4
2021-11,EOG,EN,ADD,10.03,103.31,Bull,False,70.07
2021-11,NUE,MAT,TRIM,8.45,87.04,Bull,False,99.62
2021-11,DVN,EN,ADD,15.05,154.97,Bull,False,33.65
2021-11,OXY,EN,ADD,12.65,130.25,Bull,False,27.84
2021-12,INTU,IT,BUY,19.08,62.23,Bear,False,625.63
2021-12,NVDA,IT,BUY,12.26,89.23,Bear,False,29.35
2021-12,F,CD,BUY,11.36,74.83,Bear,False,15.67
2021-12,AMAT,IT,SELL,0.0,58.76,Bear,False,151.58
2021-12,MPC,EN,SELL,0.0,49.33,Bear,False,58.13
2021-12,WFC,FIN,SELL,0.0,57.22,Bear,False,43.13
2021-12,TSLA,CD,TRIM,7.04,70.15,Bear,False,352.26
2021-12,EOG,EN,TRIM,8.62,65.26,Bear,False,71.54
2021-12,NUE,MAT,ADD,11.87,70.36,Bear,False,107.02
2021-12,DVN,EN,TRIM,5.98,114.9,Bear,False,35.24
2021-12,OXY,EN,TRIM,5.57,63.36,Bear,False,27.22
2022-01,AMAT,IT,BUY,8.48,60.78,Bull,False,133.1
2022-01,AZO,CD,BUY,7.95,57.01,Bull,False,1986.35
2022-01,PLD,RE,BUY,7.62,54.61,Bull,False,137.95
2022-01,TSLA,CD,SELL,0.0,40.38,Bull,False,312.24
2022-01,INTU,IT,SELL,0.0,53.22,Bull,False,540.04
2022-01,OXY,EN,SELL,0.0,0.0,Bull,False,35.38
2022-01,NVDA,IT,TRIM,11.34,81.32,Bull,False,24.44
2022-01,SPG,RE,ADD,9.44,67.66,Bull,False,116.53
2022-01,NUE,MAT,TRIM,10.95,78.48,Bull,False,95.48
2022-01,DVN,EN,ADD,14.97,107.3,Bull,False,41.23
2022-01,F,CD,ADD,12.06,86.49,Bull,False,15.31
2022-01,COP,EN,TRIM,8.66,62.1,Bull,False,75.93
2022-02,XOM,EN,BUY,12.09,58.68,Bear,False,67.58
2022-02,SLB,EN,BUY,7.54,58.21,Bear,False,35.65
2022-02,WFC,FIN,BUY,12.86,60.16,Bear,False,47.98
2022-02,OXY,EN,BUY,5.18,63.15,Bear,False,41.07
2022-02,AMAT,IT,SELL,0.0,0.0,Bear,False,129.27
2022-02,NUE,MAT,SELL,0.0,0.0,Bear,False,123.93
2022-02,SPG,RE,SELL,0.0,50.36,Bear,False,108.9
2022-02,PLD,RE,SELL,0.0,43.83,Bear,False,128.3
2022-02,DVN,EN,TRIM,5.68,118.26,Bear,False,48.55
2022-02,F,CD,TRIM,11.35,66.14,Bear,False,13.32
2022-02,AZO,CD,ADD,16.93,57.44,Bear,False,1863.39
2022-03,NUE,MAT,BUY,6.16,80.63,Bear,False,139.97
2022-03,EXC,UT,BUY,23.79,46.92,Bear,False,41.25
2022-03,COST,CS,BUY,26.11,45.79,Bear,False,549.09
2022-03,PSA,RE,BUY,12.27,44.4,Bear,False,320.22
2022-03,WFC,FIN,SELL,0.0,40.26,Bear,False,43.76
2022-03,XOM,EN,SELL,0.0,42.59,Bear,False,71.97
2022-03,SLB,EN,SELL,0.0,35.8,Bear,False,37.65
2022-03,F,CD,SELL,0.0,41.62,Bear,False,12.82
2022-03,EOG,EN,TRIM,4.55,63.5,Bear,False,98.98
2022-03,NVDA,IT,TRIM,6.38,57.64,Bear,False,27.23
2022-03,DVN,EN,TRIM,3.2,107.7,Bear,False,48.21
2022-03,COP,EN,TRIM,5.08,63.42,Bear,False,86.11
2022-03,AZO,CD,TRIM,9.55,47.4,Bear,False,2044.58
2022-03,OXY,EN,TRIM,2.91,49.82,Bear,False,53.29
2022-04,CVX,EN,BUY,7.57,48.82,Bull,False,133.41
2022-04,MPC,EN,BUY,7.82,50.46,Bull,False,79.86
2022-04,HAL,EN,BUY,8.93,57.61,Bull,False,32.78
2022-04,AZO,CD,SELL,0.0,37.57,Bull,False,1955.47
2022-04,EXC,UT,SELL,0.0,46.5,Bull,False,40.52
2022-04,PSA,RE,SELL,0.0,48.54,Bull,False,306.51
2022-04,EOG,EN,ADD,8.61,55.54,Bull,False,97.77
2022-04,NVDA,IT,ADD,11.1,71.59,Bull,False,18.51
2022-04,COST,CS,TRIM,7.72,49.8,Bull,False,507.01
2022-04,NUE,MAT,ADD,9.83,63.39,Bull,False,146.23
2022-04,DVN,EN,ADD,16.37,105.57,Bull,False,48.22
2022-04,COP,EN,ADD,10.3,66.46,Bull,False,82.5
2022-04,OXY,EN,ADD,11.75,75.82,Bull,False,51.86
2022-05,LLY,HC,BUY,28.34,48.4,Bear,False,302.71
2022-05,VLO,EN,BUY,7.99,46.12,Bear,False,114.7
2022-05,NVDA,IT,SELL,0.0,0.0,Bear,False,18.64
2022-05,COST,CS,SELL,0.0,36.41,Bear,False,445.28
2022-05,EOG,EN,TRIM,7.79,52.79,Bear,False,115.38
2022-05,HAL,EN,TRIM,5.7,60.92,Bear,False,37.27
2022-05,CVX,EN,ADD,13.11,46.62,Bear,False,148.73
2022-05,NUE,MAT,ADD,10.54,64.8,Bear,False,125.14
2022-05,DVN,EN,TRIM,5.49,97.6,Bear,False,62.09
2022-05,COP,EN,TRIM,8.72,65.69,Bear,False,97.05
2022-05,OXY,EN,TRIM,4.93,77.92,Bear,False,65.25
2022-06,XOM,EN,BUY,8.14,55.14,Bear,True,75.39
2022-06,NUE,MAT,SELL,0.0,27.19,Bear,True,98.64
2022-06,LLY,HC,TRIM,19.47,46.56,Bear,True,314.19
2022-06,EOG,EN,TRIM,5.38,60.08,Bear,True,93.04
2022-06,MPC,EN,TRIM,5.26,53.46,Bear,True,75.69
2022-06,HAL,EN,TRIM,4.01,59.98,Bear,True,28.94
2022-06,CVX,EN,TRIM,8.96,56.8,Bear,True,124.3
2022-06,VLO,EN,TRIM,5.67,52.83,Bear,True,94.83
2022-06,DVN,EN,TRIM,3.8,110.13,Bear,True,45.69
2022-06,COP,EN,TRIM,5.94,73.31,Bear,True,77.92
2022-06,OXY,EN,TRIM,3.38,98.55,Bear,True,55.43
2022-07,EXC,UT,BUY,16.28,39.08,Bear,True,40.56
2022-07,ABBV,HC,BUY,12.98,34.92,Bear,True,125.1
2022-07,AZO,CD,BUY,6.91,36.48,Bear,True,2137.39
2022-07,EOG,EN,SELL,0.0,34.78,Bear,True,94.98
2022-07,MPC,EN,SELL,0.0,34.01,Bear,True,84.39
2022-07,HAL,EN,SELL,0.0,31.75,Bear,True,27.04
2022-07,LLY,HC,TRIM,12.15,35.95,Bear,True,319.48
2022-07,XOM,EN,TRIM,4.99,35.53,Bear,True,85.33
2022-07,CVX,EN,TRIM,5.31,36.73,Bear,True,140.61
2022-07,VLO,EN,TRIM,3.49,35.48,Bear,True,98.84
2022-07,DVN,EN,TRIM,2.29,70.0,Bear,True,52.97
2022-07,COP,EN,TRIM,3.55,41.73,Bear,True,85.19
2022-07,OXY,EN,TRIM,2.07,63.63,Bear,True,62.01
2022-08,EOG,EN,BUY,3.76,50.41,Bear,True,104.38
2022-08,MPC,EN,BUY,3.69,53.89,Bear,True,92.76
2022-08,ED,UT,BUY,18.73,33.46,Bear,True,85.95
2022-08,LLY,HC,SELL,0.0,31.7,Bear,True,291.9
2022-08,ABBV,HC,SELL,0.0,25.22,Bear,True,118.3
2022-08,AZO,CD,SELL,0.0,27.5,Bear,True,2119.21
2022-08,XOM,EN,ADD,5.66,57.06,Bear,True,84.15
2022-08,EXC,UT,ADD,19.09,36.17,Bear,True,38.3
2022-08,CVX,EN,ADD,6.0,51.89,Bear,True,135.7
2022-08,VLO,EN,ADD,4.01,54.97,Bear,True,104.5
2022-08,COP,EN,ADD,4.07,58.93,Bear,True,95.69
2022-09,GIS,CS,BUY,24.21,31.42,Bear,True,67.2
2022-09,VRTX,HC,BUY,14.14,34.13,Bear,True,289.54
2022-09,EXC,UT,SELL,0.0,25.82,Bear,True,32.92
2022-09,ED,UT,SELL,0.0,29.66,Bear,True,76.02
2022-10,LLY,HC,BUY,10.51,35.01,Bear,True,352.02
2022-10,CI,HC,BUY,11.53,34.53,Bear,True,303.13
2022-10,CVX,EN,SELL,0.0,0.0,Bear,True,156.72
2022-10,EOG,EN,SELL,0.0,0.0,Bear,True,118.93
2022-10,XOM,EN,TRIM,4.37,43.92,Bear,True,98.49
2022-10,MPC,EN,TRIM,2.94,50.27,Bear,True,105.24
2022-10,GIS,CS,TRIM,19.15,27.76,Bear,True,71.56
2022-10,VLO,EN,TRIM,3.14,45.57,Bear,True,113.0
2022-10,DVN,EN,TRIM,2.03,59.6,Bear,True,66.69
2022-10,VRTX,HC,TRIM,11.32,46.76,Bear,True,312.0
2022-10,COP,EN,TRIM,3.16,44.56,Bear,True,112.33
2022-11,SLB,EN,BUY,4.73,49.36,Bear,True,47.37
2022-11,EOG,EN,BUY,5.21,47.27,Bear,True,124.37
2022-11,CVX,EN,BUY,7.85,49.66,Bear,True,158.81
2022-11,GIS,CS,SELL,0.0,30.78,Bear,True,75.34
2022-11,LLY,HC,SELL,0.0,36.56,Bear,True,360.76
2022-11,CI,HC,SELL,0.0,43.17,Bear,True,308.6
2022-11,XOM,EN,ADD,7.52,58.59,Bear,True,98.97
2022-11,MPC,EN,ADD,5.29,57.25,Bear,True,112.83
2022-11,VLO,EN,ADD,5.66,52.55,Bear,True,120.27
2022-11,DVN,EN,ADD,3.67,73.22,Bear,True,59.07
2022-11,VRTX,HC,ADD,21.15,52.3,Bear,True,316.4
2022-11,COP,EN,ADD,5.59,57.41,Bear,True,110.03
2022-11,OXY,EN,ADD,3.32,77.91,Bear,True,65.67
2022-12,CI,HC,BUY,16.98,55.67,Bear,True,310.9
2022-12,DVN,EN,SELL,0.0,0.0,Bear,True,53.03
2022-12,XOM,EN,TRIM,5.95,66.51,Bear,True,98.83
2022-12,EOG,EN,TRIM,4.12,57.38,Bear,True,113.5
2022-12,SLB,EN,TRIM,3.75,60.19,Bear,True,49.13
2022-12,MPC,EN,TRIM,4.19,72.23,Bear,True,108.49
2022-12,VLO,EN,TRIM,4.47,73.21,Bear,True,114.98
2022-12,CVX,EN,TRIM,6.21,52.41,Bear,True,156.7
2022-12,VRTX,HC,TRIM,17.27,52.62,Bear,True,288.78
2022-12,COP,EN,TRIM,4.43,60.77,Bear,True,105.53
2022-12,OXY,EN,TRIM,2.63,85.83,Bear,True,59.53
2023-01,DVN,EN,BUY,4.85,40.86,Bear,True,55.7
2023-01,HAL,EN,BUY,5.01,55.51,Bear,True,38.32
2023-01,CI,HC,SELL,0.0,38.47,Bear,True,298.15
2023-01,VRTX,HC,SELL,0.0,27.39,Bear,True,323.1
2023-01,XOM,EN,ADD,10.01,62.81,Bear,True,103.95
2023-01,EOG,EN,ADD,6.95,46.15,Bear,True,117.27
2023-01,SLB,EN,ADD,6.34,59.08,Bear,True,52.54
2023-01,MPC,EN,ADD,7.03,62.39,Bear,True,119.79
2023-01,VLO,EN,ADD,7.51,55.94,Bear,True,126.92
2023-01,CVX,EN,ADD,10.44,46.03,Bear,True,151.93
2023-01,COP,EN,ADD,7.45,53.71,Bear,True,109.67
2023-01,OXY,EN,ADD,4.41,78.26,Bear,True,61.36
2023-02,NUE,MAT,BUY,8.7,52.74,Bull,True,160.28
2023-02,LLY,HC,BUY,5.81,35.18,Bull,True,303.41
2023-02,TMUS,COM,BUY,5.32,32.23,Bull,True,136.7
2023-02,CI,HC,BUY,5.51,33.42,Bull,True,275.02
2023-02,EOG,EN,SELL,0.0,24.41,Bull,True,100.86
2023-02,DVN,EN,SELL,0.0,30.09,Bull,True,47.5
2023-02,HAL,EN,SELL,0.0,30.72,Bull,True,33.68
2023-02,OXY,EN,SELL,0.0,0.0,Bull,True,55.46
2023-02,XOM,EN,TRIM,7.63,46.24,Bull,True,98.48
2023-02,MPC,EN,ADD,10.04,60.86,Bull,True,115.21
2023-02,CVX,EN,TRIM,5.23,31.68,Bull,True,140.36
2023-02,VLO,EN,ADD,9.22,55.86,Bull,True,119.4
2023-02,COP,EN,TRIM,6.07,36.76,Bull,True,93.0
2023-03,ORLY,CD,BUY,5.17,24.57,Bull,True,56.6
2023-03,PSX,EN,BUY,4.99,23.73,Bull,True,91.12
2023-03,MRK,HC,BUY,7.55,35.9,Bull,True,96.38
2023-03,CAT,IND,BUY,5.63,26.77,Bull,True,217.95
2023-03,AZO,CD,BUY,6.06,28.85,Bull,True,2458.15
2023-03,LLY,HC,SELL,0.0,23.28,Bull,True,335.88
2023-03,CVX,EN,SELL,0.0,14.55,Bull,True,143.71
2023-03,TMUS,COM,SELL,0.0,0.0,Bull,True,139.26
2023-03,CI,HC,SELL,0.0,22.21,Bull,True,240.59
2023-03,COP,EN,SELL,0.0,0.0,Bull,True,89.67
2023-03,VLO,EN,ADD,10.32,49.1,Bull,True,127.45
2023-03,NUE,MAT,TRIM,5.41,25.72,Bull,True,147.86
2023-04,GIS,CS,BUY,6.31,26.04,Bull,True,78.78
2023-04,ADI,IT,BUY,4.9,19.58,Bull,True,171.02
2023-04,TJX,CD,BUY,6.66,27.52,Bull,True,75.68
2023-04,GE,IND,BUY,7.16,29.58,Bull,True,77.75
2023-04,NUE,MAT,SELL,0.0,5.49,Bull,True,142.33
2023-04,SLB,EN,SELL,0.0,18.91,Bull,True,45.72
2023-04,CAT,IND,SELL,0.0,4.98,Bull,True,208.39
2023-04,AZO,CD,SELL,0.0,18.42,Bull,True,2663.31
2023-04,MPC,EN,ADD,11.62,47.97,Bull,True,114.38
2023-04,VLO,EN,TRIM,8.46,34.94,Bull,True,104.69
2023-05,SBUX,CD,BUY,7.81,44.95,Bull,True,90.66
2023-05,LLY,HC,BUY,5.5,31.65,Bull,True,420.04
2023-05,NVDA,IT,BUY,7.02,40.38,Bull,True,37.8
2023-05,NFLX,COM,BUY,9.55,55.0,Bull,True,39.52
2023-05,BA,IND,BUY,5.71,32.88,Bull,True,205.7
2023-05,AZO,CD,BUY,5.37,30.89,Bull,True,2386.84
2023-05,ADI,IT,SELL,0.0,17.14,Bull,True,168.94
2023-05,PSX,EN,SELL,0.0,0.0,Bull,True,82.34
2023-05,GIS,CS,SELL,0.0,25.33,Bull,True,75.27
2023-05,VLO,EN,SELL,0.0,0.0,Bull,True,97.73
2023-05,TJX,CD,SELL,0.0,26.95,Bull,True,73.73
2023-05,MRK,HC,SELL,0.0,29.36,Bull,True,100.72
2023-05,ORLY,CD,ADD,7.19,41.37,Bull,True,60.22
2023-05,XOM,EN,TRIM,6.32,36.35,Bull,True,92.26
2023-05,MPC,EN,TRIM,6.24,35.93,Bull,True,98.36
2023-05,GE,IND,ADD,9.3,53.53,Bull,True,79.76
2023-06,ORCL,IT,BUY,6.37,40.48,Bull,True,115.36
2023-06,CRM,IT,BUY,5.22,33.22,Bull,True,208.72
2023-06,META,COM,BUY,4.92,31.27,Bull,True,284.75
2023-06,AVGO,IT,BUY,5.71,36.33,Bull,True,83.53
2023-06,AZO,CD,SELL,0.0,0.0,Bull,True,2493.36
2023-06,SBUX,CD,SELL,0.0,0.0,Bull,True,92.44
2023-06,MPC,EN,SELL,0.0,0.0,Bull,True,110.06
2023-06,XOM,EN,SELL,0.0,0.0,Bull,True,97.68
2023-06,ORLY,CD,TRIM,5.49,34.9,Bull,True,63.69
2023-06,NVDA,IT,ADD,11.12,70.71,Bull,True,42.26
2023-06,NFLX,COM,ADD,10.92,69.4,Bull,True,44.05
2023-06,GE,IND,TRIM,8.05,51.19,Bull,True,86.3
2023-06,BA,IND,ADD,7.05,44.82,Bull,True,211.16
2023-07,AMAT,IT,BUY,5.03,47.28,Bull,True,148.1
2023-07,HCA,HC,BUY,6.4,60.15,Bull,True,267.06
2023-07,ISRG,HC,BUY,5.67,53.28,Bull,True,324.4
2023-07,ETN,IND,BUY,5.19,48.82,Bull,True,198.58
2023-07,ORLY,CD,SELL,0.0,41.35,Bull,True,61.72
2023-07,LLY,HC,SELL,0.0,38.1,Bull,True,445.73
2023-07,BA,IND,SELL,0.0,43.47,Bull,True,238.85
2023-07,CRM,IT,SELL,0.0,24.69,Bull,True,222.31
2023-07,ORCL,IT,TRIM,5.86,55.08,Bull,True,113.56
2023-07,NFLX,COM,TRIM,9.82,92.38,Bull,True,43.9
2023-07,META,COM,ADD,6.13,57.65,Bull,True,316.12
2023-07,AVGO,IT,ADD,6.51,61.18,Bull,True,87.0
2023-08,SLB,EN,BUY,5.83,47.27,Bull,True,54.92
2023-08,MPC,EN,BUY,4.9,39.74,Bull,True,134.77
2023-08,BKNG,CD,BUY,5.29,42.84,Bull,True,3048.09
2023-08,BA,IND,BUY,5.0,40.5,Bull,True,224.03
2023-08,AMAT,IT,SELL,0.0,36.78,Bull,True,149.24
2023-08,HCA,HC,SELL,0.0,25.97,Bull,True,271.45
2023-08,ISRG,HC,SELL,0.0,34.32,Bull,True,312.68
2023-08,ETN,IND,SELL,0.0,34.53,Bull,True,222.8
2023-08,ORCL,IT,TRIM,5.27,42.7,Bull,True,117.03
2023-08,NVDA,IT,ADD,11.67,94.58,Bull,True,49.32
2023-08,NFLX,COM,TRIM,8.25,66.88,Bull,True,43.37
2023-08,META,COM,ADD,8.57,69.44,Bull,True,293.59
2023-09,AMAT,IT,BUY,5.37,49.47,Bull,True,135.56
2023-09,LLY,HC,BUY,6.75,62.15,Bull,True,527.84
2023-09,ETN,IND,BUY,5.89,54.29,Bull,True,207.1
2023-09,SLB,EN,SELL,0.0,45.35,Bull,True,54.31
2023-09,BA,IND,SELL,0.0,33.5,Bull,True,191.68
2023-09,MPC,EN,SELL,0.0,37.36,Bull,True,143.58
2023-09,NVDA,IT,ADD,12.87,118.56,Bull,True,43.47
2023-09,NFLX,COM,TRIM,7.19,66.26,Bull,True,37.76
2023-09,GE,IND,TRIM,7.55,69.53,Bull,True,86.91
2023-09,META,COM,TRIM,6.48,59.67,Bull,True,297.87
2023-10,FDX,IND,BUY,7.32,60.24,Bear,True,227.83
2023-10,LRCX,IT,BUY,6.59,55.19,Bear,True,57.48
2023-10,ADBE,IT,BUY,6.89,61.67,Bear,True,532.06
2023-10,LLY,HC,SELL,0.0,51.83,Bear,True,544.35
2023-10,ETN,IND,SELL,0.0,48.87,Bear,True,201.88
2023-10,NFLX,COM,SELL,0.0,47.24,Bear,True,41.17
2023-10,ORCL,IT,ADD,8.93,56.72,Bear,True,100.51
2023-10,AMAT,IT,ADD,6.5,53.42,Bear,True,129.58
2023-10,NVDA,IT,TRIM,4.81,127.71,Bear,True,40.75
2023-10,BKNG,CD,ADD,7.6,62.96,Bear,True,2738.4
2023-10,GE,IND,TRIM,7.0,83.13,Bear,True,85.46
2023-10,META,COM,TRIM,5.65,79.42,Bear,True,298.92
2023-10,AVGO,IT,ADD,8.7,65.54,Bear,True,81.9
2023-11,AMD,IT,BUY,5.56,49.47,Bull,True,121.16
2023-11,LLY,HC,BUY,4.9,43.59,Bull,True,580.82
2023-11,KLAC,IT,BUY,4.9,40.77,Bull,True,533.08
2023-11,ORCL,IT,SELL,0.0,29.76,Bull,True,113.38
2023-11,LRCX,IT,SELL,0.0,38.69,Bull,True,69.95
2023-11,BKNG,CD,SELL,0.0,40.02,Bull,True,3068.38
2023-11,AMAT,IT,TRIM,4.9,41.43,Bull,True,146.65
2023-11,NVDA,IT,ADD,12.44,110.63,Bull,True,46.74
2023-11,FDX,IND,TRIM,4.9,42.69,Bull,True,245.6
2023-11,META,COM,ADD,13.2,117.37,Bull,True,324.6
2023-11,AVGO,IT,TRIM,6.84,60.83,Bull,True,90.11
2023-11,ADBE,IT,TRIM,5.77,51.31,Bull,True,611.01
2023-12,CRM,IT,BUY,5.22,45.23,Bull,True,259.98
2023-12,NFLX,COM,BUY,5.07,43.91,Bull,True,48.69
2023-12,NOW,IT,BUY,5.76,49.91,Bull,True,141.3
2023-12,AMAT,IT,SELL,0.0,32.18,Bull,True,159.02
2023-12,FDX,IND,SELL,0.0,37.38,Bull,True,240.04
2023-12,KLAC,IT,SELL,0.0,33.86,Bull,True,570.55
2023-12,LLY,HC,ADD,5.5,47.62,Bull,True,573.89
2023-12,NVDA,IT,TRIM,11.74,101.72,Bull,True,49.49
2023-12,META,COM,TRIM,11.76,101.89,Bull,True,351.2
2023-12,AVGO,IT,TRIM,6.29,54.5,Bull,True,108.66
2023-12,ADBE,IT,ADD,6.6,57.18,Bull,True,596.6
2024-01,LRCX,IT,BUY,8.27,63.56,Bull,False,80.85
2024-01,INTC,IT,BUY,8.66,66.56,Bull,False,42.51
2024-01,AMZN,CD,BUY,7.71,59.27,Bull,False,155.2
2024-01,LLY,HC,SELL,0.0,47.57,Bull,False,635.61
2024-01,ADBE,IT,SELL,0.0,57.26,Bull,False,617.78
2024-01,NFLX,COM,SELL,0.0,50.14,Bull,False,56.41
2024-01,AMD,IT,ADD,10.7,82.24,Bull,False,167.69
2024-01,NVDA,IT,ADD,15.88,122.08,Bull,False,61.49
2024-01,NOW,IT,ADD,7.78,59.86,Bull,False,153.08
2024-01,GE,IND,ADD,8.74,67.18,Bull,False,104.24
2024-01,CRM,IT,ADD,8.91,68.54,Bull,False,277.72
2024-01,META,COM,ADD,14.03,107.89,Bull,False,387.1
2024-01,AVGO,IT,ADD,9.33,71.76,Bull,False,115.39
2024-02,LLY,HC,BUY,9.35,63.89,Bull,False,742.01
2024-02,ADBE,IT,BUY,7.49,51.17,Bull,False,560.28
2024-02,INTC,IT,SELL,0.0,44.47,Bull,False,42.48
2024-02,AMZN,CD,SELL,0.0,40.87,Bull,False,176.76
2024-02,AMD,IT,ADD,11.74,80.26,Bull,False,192.53
2024-02,NVDA,IT,ADD,16.79,114.76,Bull,False,79.06
2024-02,GE,IND,TRIM,7.33,50.1,Bull,False,123.51
2024-02,LRCX,IT,TRIM,7.5,51.29,Bull,False,91.93
2024-02,CRM,IT,TRIM,7.53,51.49,Bull,False,305.11
2024-02,AVGO,IT,ADD,10.59,72.41,Bull,False,127.17
2024-03,NFLX,COM,BUY,7.8,62.68,Bull,False,60.73
2024-03,AMZN,CD,BUY,7.83,62.91,Bull,False,180.38
2024-03,ADBE,IT,SELL,0.0,54.78,Bull,False,504.6
2024-03,NOW,IT,SELL,0.0,57.93,Bull,False,152.48
2024-03,AMD,IT,TRIM,11.16,89.61,Bull,False,180.49
2024-03,LLY,HC,ADD,11.13,89.43,Bull,False,767.26
2024-03,NVDA,IT,TRIM,15.27,122.65,Bull,False,90.3
2024-03,LRCX,IT,ADD,8.34,66.99,Bull,False,95.19
2024-03,META,COM,TRIM,12.82,103.02,Bull,False,482.31
2024-03,AVGO,IT,TRIM,10.03,80.56,Bull,False,129.61
2024-04,ETN,IND,BUY,8.5,61.95,Bull,False,311.24
2024-04,MU,IT,BUY,9.28,67.67,Bull,False,112.22
2024-04,KLAC,IT,BUY,7.83,57.07,Bull,False,678.05
2024-04,CRM,IT,SELL,0.0,41.05,Bull,False,266.06
2024-04,NFLX,COM,SELL,0.0,56.41,Bull,False,55.06
2024-04,AMZN,CD,SELL,0.0,55.75,Bull,False,175.0
2024-04,AMD,IT,TRIM,8.38,61.06,Bull,False,158.38
2024-04,NVDA,IT,ADD,16.19,118.0,Bull,False,86.35
2024-04,GE,IND,ADD,8.38,61.06,Bull,False,159.62
2024-04,META,COM,TRIM,11.39,83.01,Bull,False,427.27
2024-05,AMAT,IT,BUY,8.37,57.25,Bull,False,211.39
2024-05,LRCX,IT,SELL,0.0,54.52,Bull,False,91.55
2024-05,LLY,HC,TRIM,10.06,68.8,Bull,False,809.05
2024-05,KLAC,IT,ADD,8.62,58.95,Bull,False,747.14
2024-05,AVGO,IT,ADD,10.96,74.98,Bull,False,130.47
2024-05,GE,IND,ADD,10.51,71.93,Bull,False,163.18
2024-05,MU,IT,TRIM,8.34,57.04,Bull,False,124.18
2024-05,META,COM,TRIM,8.53,58.33,Bull,False,463.69
2024-05,ETN,IND,ADD,9.65,66.04,Bull,False,325.51
2024-06,QCOM,IT,BUY,9.44,61.27,Bull,False,191.58
2024-06,MPC,EN,BUY,8.36,54.31,Bull,False,167.09
2024-06,AMAT,IT,SELL,0.0,48.7,Bull,False,232.37
2024-06,AMD,IT,SELL,0.0,34.49,Bull,False,162.21
2024-06,GE,IND,ADD,11.03,71.58,Bull,False,157.08
2024-06,MU,IT,ADD,9.42,61.17,Bull,False,130.67
2024-06,AVGO,IT,TRIM,7.96,51.69,Bull,False,157.67
2024-07,AMAT,IT,BUY,7.82,49.81,Bull,False,208.94
2024-07,LRCX,IT,BUY,8.09,51.53,Bull,False,90.62
2024-07,ETN,IND,SELL,0.0,45.82,Bull,False,298.96
2024-07,MPC,EN,SELL,0.0,41.75,Bull,False,170.5
2024-07,AVGO,IT,ADD,9.98,63.53,Bull,False,158.29
2024-07,GE,IND,TRIM,9.41,59.9,Bull,False,168.18
2024-07,MU,IT,ADD,11.62,74.02,Bull,False,109.1
2024-07,QCOM,IT,TRIM,8.44,53.73,Bull,False,174.04
2024-08,ETN,IND,BUY,10.56,40.91,Bear,False,301.06
2024-08,COST,CS,BUY,20.06,41.19,Bear,False,885.36
2024-08,AXP,FIN,BUY,9.65,41.82,Bear,False,254.66
2024-08,AMAT,IT,SELL,0.0,34.42,Bear,False,194.23
2024-08,QCOM,IT,SELL,0.0,33.67,Bear,False,168.61
2024-08,LRCX,IT,SELL,0.0,25.83,Bear,False,80.76
2024-08,LLY,HC,ADD,18.15,57.81,Bear,False,948.43
2024-08,NVDA,IT,TRIM,4.66,91.83,Bear,False,119.31
2024-08,GE,IND,TRIM,7.93,62.81,Bear,False,172.84
2024-08,MU,IT,TRIM,6.71,43.65,Bear,False,95.69
2024-08,META,COM,TRIM,5.49,40.11,Bear,False,518.31
2024-08,AVGO,IT,TRIM,8.3,59.85,Bear,False,160.4
2024-09,GS,FIN,BUY,8.25,47.23,Bull,False,480.29
2024-09,NFLX,COM,BUY,8.4,48.07,Bull,False,70.93
2024-09,ETN,IND,SELL,0.0,30.1,Bull,False,326.19
2024-09,MU,IT,SELL,0.0,32.41,Bull,False,103.12
2024-09,LLY,HC,TRIM,9.73,55.69,Bull,False,876.46
2024-09,NVDA,IT,ADD,15.44,88.35,Bull,False,121.38
2024-09,COST,CS,TRIM,9.02,51.6,Bull,False,879.55
2024-09,GE,IND,ADD,11.41,65.27,Bull,False,186.66
2024-09,META,COM,ADD,9.93,56.84,Bull,False,569.15
2024-09,AVGO,IT,ADD,10.23,58.52,Bull,False,169.94
2024-09,AXP,FIN,TRIM,8.85,50.63,Bull,False,267.02
2024-10,RTX,IND,BUY,8.24,54.61,Bull,False,117.76
2024-10,MMM,IND,BUY,9.08,60.19,Bull,False,124.86
2024-10,ISRG,HC,BUY,7.83,51.92,Bull,False,503.84
2024-10,LLY,HC,SELL,0.0,50.71,Bull,False,820.86
2024-10,COST,CS,SELL,0.0,47.94,Bull,False,867.3
2024-10,GS,FIN,SELL,0.0,45.25,Bull,False,502.29
2024-10,KLAC,IT,TRIM,8.04,53.26,Bull,False,657.9
2024-10,NFLX,COM,ADD,9.51,63.04,Bull,False,75.6
2024-10,AVGO,IT,ADD,11.29,74.83,Bull,False,167.8
2024-11,GM,CD,BUY,8.75,59.87,Bull,False,54.77
2024-11,GS,FIN,BUY,8.2,56.1,Bull,False,590.35
2024-11,RTX,IND,SELL,0.0,42.17,Bull,False,118.57
2024-11,KLAC,IT,SELL,0.0,0.0,Bull,False,638.94
2024-11,NVDA,IT,ADD,17.26,118.07,Bull,False,138.2
2024-11,NFLX,COM,TRIM,8.88,60.78,Bull,False,88.68
2024-11,GE,IND,TRIM,10.08,68.94,Bull,False,180.57
2024-11,ISRG,HC,ADD,9.55,65.31,Bull,False,542.0
2024-11,MMM,IND,TRIM,8.31,56.88,Bull,False,129.78
2024-11,AVGO,IT,TRIM,10.48,71.73,Bull,False,160.2
2024-12,WMT,CS,BUY,9.22,59.14,Bull,False,89.11
2024-12,WFC,FIN,BUY,8.81,56.47,Bull,False,68.41
2024-12,ISRG,HC,SELL,0.0,55.6,Bull,False,521.96
2024-12,MMM,IND,SELL,0.0,52.19,Bull,False,126.13
2024-12,NFLX,COM,ADD,9.77,62.65,Bull,False,89.13
2024-12,GS,FIN,ADD,9.43,60.48,Bull,False,555.48
2024-12,AVGO,IT,TRIM,8.97,57.54,Bull,False,229.15
2025-01,TSLA,CD,BUY,8.41,48.57,Bull,False,404.6
2025-01,ISRG,HC,BUY,7.56,43.64,Bull,False,571.88
2025-01,ORCL,IT,BUY,8.14,46.99,Bull,False,167.94
2025-01,WFC,FIN,SELL,0.0,38.17,Bull,False,76.75
2025-01,GM,CD,SELL,0.0,40.22,Bull,False,48.84
2025-01,GS,FIN,SELL,0.0,41.4,Bull,False,624.31
2025-01,NFLX,COM,ADD,10.47,60.47,Bull,False,97.68
2025-01,GE,IND,TRIM,8.64,49.87,Bull,False,202.12
2025-01,AVGO,IT,ADD,12.93,74.62,Bull,False,219.29
2025-01,AXP,FIN,TRIM,8.18,47.2,Bull,False,313.37
2025-02,MMM,IND,BUY,11.19,69.12,Bull,False,151.57
2025-02,MS,FIN,BUY,8.05,49.75,Bull,False,129.63
2025-02,GS,FIN,BUY,8.66,53.54,Bull,False,606.65
2025-02,ORCL,IT,SELL,0.0,43.25,Bull,False,164.39
2025-02,AXP,FIN,SELL,0.0,47.02,Bull,False,297.79
2025-02,ISRG,HC,SELL,0.0,41.35,Bull,False,573.15
2025-02,TSLA,CD,ADD,12.47,77.02,Bull,False,292.98
2025-02,NVDA,IT,TRIM,10.83,66.89,Bull,False,124.88
2025-02,NFLX,COM,TRIM,8.88,54.9,Bull,False,98.06
2025-02,GE,IND,ADD,10.72,66.21,Bull,False,205.51
2025-02,META,COM,ADD,9.27,57.28,Bull,False,665.53
2025-02,AVGO,IT,TRIM,10.39,64.21,Bull,False,197.64
2025-03,PM,CS,BUY,12.0,59.48,Bear,True,151.96
2025-03,TMUS,COM,BUY,8.2,51.63,Bear,True,262.23
2025-03,WELL,RE,BUY,6.0,53.36,Bear,True,150.71
2025-03,T,COM,BUY,6.1,53.83,Bear,True,27.09
2025-03,TSLA,CD,SELL,0.0,37.24,Bear,True,259.16
2025-03,META,COM,SELL,0.0,31.37,Bear,True,574.06
2025-03,AVGO,IT,SELL,0.0,44.09,Bear,True,165.93
2025-03,NVDA,IT,SELL,0.0,45.71,Bear,True,108.34
2025-03,NFLX,COM,TRIM,2.94,48.63,Bear,True,93.25
2025-03,MS,FIN,TRIM,5.42,46.9,Bear,True,113.62
2025-03,GE,IND,TRIM,4.32,50.92,Bear,True,198.73
2025-03,GS,FIN,TRIM,5.63,49.36,Bear,True,535.2
2025-03,MMM,IND,TRIM,4.9,73.42,Bear,True,144.2
2025-03,WMT,CS,ADD,14.48,53.22,Bear,True,86.78
2025-04,TTWO,COM,BUY,4.85,33.34,Bear,True,233.32
2025-04,MO,CS,BUY,10.56,40.16,Bear,True,56.19
2025-04,MS,FIN,SELL,0.0,24.7,Bear,True,112.4
2025-04,GS,FIN,SELL,0.0,29.02,Bear,True,536.44
2025-04,TMUS,COM,TRIM,7.6,50.51,Bear,True,242.8
2025-04,PM,CS,TRIM,11.41,59.85,Bear,True,165.5
2025-04,WMT,CS,TRIM,12.79,38.97,Bear,True,96.39
2025-05,TSLA,CD,BUY,2.43,43.15,Bear,True,346.46
2025-05,IBM,IT,BUY,6.82,40.81,Bear,True,252.78
2025-05,AVGO,IT,BUY,4.08,40.43,Bear,True,240.63
2025-05,MMM,IND,SELL,0.0,38.67,Bear,True,145.67
2025-05,MO,CS,SELL,0.0,37.84,Bear,True,57.58
2025-05,GE,IND,SELL,0.0,22.79,Bear,True,244.62
2025-05,NFLX,COM,ADD,4.59,72.04,Bear,True,120.72
2025-05,TTWO,COM,ADD,5.94,49.09,Bear,True,226.28
2025-05,PM,CS,ADD,12.26,63.44,Bear,True,174.41
2025-05,WMT,CS,ADD,13.42,50.51,Bear,True,97.85
2025-05,WELL,RE,ADD,6.38,49.22,Bear,True,151.76
2025-06,MMM,IND,BUY,5.67,41.55,Bull,True,150.22
2025-06,GE,IND,BUY,5.52,40.48,Bull,True,256.03
2025-06,TTWO,COM,SELL,0.0,34.44,Bull,True,242.85
2025-06,TMUS,COM,SELL,0.0,0.0,Bull,True,235.12
2025-06,TSLA,CD,ADD,9.07,66.55,Bull,True,317.66
2025-06,NFLX,COM,ADD,8.62,63.21,Bull,True,133.91
2025-06,PM,CS,TRIM,8.47,62.13,Bull,True,175.9
2025-06,AVGO,IT,ADD,8.35,61.21,Bull,True,274.01
2025-06,WMT,CS,TRIM,5.69,41.75,Bull,True,97.15
2025-06,WELL,RE,TRIM,5.71,41.88,Bull,True,151.92
2025-07,ORCL,IT,BUY,6.07,44.83,Bull,True,252.13
2025-07,TTWO,COM,BUY,6.04,44.59,Bull,True,222.73
2025-07,GS,FIN,BUY,6.35,46.85,Bull,True,712.44
2025-07,TSLA,CD,SELL,0.0,0.0,Bull,True,308.27
2025-07,WMT,CS,SELL,0.0,37.77,Bull,True,97.35
2025-07,WELL,RE,SELL,0.0,40.81,Bull,True,163.13
2025-07,NFLX,COM,ADD,9.28,68.52,Bull,True,115.94
2025-07,GE,IND,ADD,6.62,48.85,Bull,True,269.65
2025-07,IBM,IT,ADD,7.63,56.31,Bull,True,248.65
2025-07,AVGO,IT,TRIM,7.49,55.27,Bull,True,292.64
2025-08,NVDA,IT,BUY,6.03,41.9,Bull,True,174.15
2025-08,CME,FIN,BUY,5.85,40.64,Bull,True,257.86
2025-08,META,COM,BUY,7.07,49.13,Bull,True,736.97
2025-08,SCHW,FIN,BUY,6.03,41.88,Bull,True,94.98
2025-08,WELL,RE,BUY,5.96,41.43,Bull,True,166.3
2025-08,TTWO,COM,SELL,0.0,39.18,Bull,True,233.27
2025-08,PM,CS,SELL,0.0,39.23,Bull,True,162.63
2025-08,IBM,IT,SELL,0.0,30.56,Bull,True,239.17
2025-08,GS,FIN,SELL,0.0,37.25,Bull,True,733.76
2025-08,MMM,IND,SELL,0.0,0.0,Bull,True,153.46
2025-08,ORCL,IT,ADD,8.78,60.98,Bull,True,225.14
2025-08,AVGO,IT,ADD,8.84,61.45,Bull,True,296.31
2025-09,TSLA,CD,BUY,6.82,44.43,Bull,True,444.72
2025-09,MS,FIN,BUY,6.18,40.26,Bull,True,157.13
2025-09,GS,FIN,BUY,6.14,39.96,Bull,True,788.27
2025-09,CME,FIN,SELL,0.0,25.54,Bull,True,261.42
2025-09,META,COM,SELL,0.0,35.2,Bull,True,732.66
2025-09,WELL,RE,SELL,0.0,35.22,Bull,True,176.82
2025-09,ORCL,IT,TRIM,7.38,48.07,Bull,True,280.01
2025-09,T,COM,ADD,6.64,43.24,Bull,True,27.62
2025-09,AVGO,IT,ADD,9.43,61.37,Bull,True,328.72
2025-10,TTWO,COM,BUY,7.02,51.93,Bull,True,256.37
2025-10,NEM,MAT,BUY,6.45,47.71,Bull,True,80.57
2025-10,LRCX,IT,BUY,6.85,50.68,Bull,True,157.01
2025-10,MU,IT,BUY,6.52,48.3,Bull,True,223.54
2025-10,MS,FIN,SELL,0.0,45.14,Bull,True,162.11
2025-10,NVDA,IT,SELL,0.0,42.98,Bull,True,202.47
2025-10,SCHW,FIN,SELL,0.0,40.01,Bull,True,93.94
2025-10,T,COM,SELL,0.0,29.56,Bull,True,24.2
2025-10,NFLX,COM,TRIM,7.09,52.49,Bull,True,111.89
2025-10,GE,IND,TRIM,6.4,47.34,Bull,True,308.15
2025-10,GS,FIN,ADD,6.69,49.55,Bull,True,781.36
2025-10,AVGO,IT,TRIM,8.91,65.98,Bull,True,368.92
2025-11,AMD,IT,BUY,6.24,57.53,Bull,True,217.53
2025-11,GOOGL,COM,BUY,5.43,50.11,Bull,True,319.75
2025-11,INTC,IT,BUY,6.72,61.96,Bull,True,40.56
2025-11,KLAC,IT,BUY,6.56,60.53,Bull,True,1171.98
2025-11,ORCL,IT,SELL,0.0,45.81,Bull,True,201.42
2025-11,TTWO,COM,SELL,0.0,46.08,Bull,True,246.07
2025-11,GS,FIN,SELL,0.0,44.19,Bull,True,817.66
2025-11,NFLX,COM,SELL,0.0,0.0,Bull,True,107.58
2025-11,TSLA,CD,TRIM,6.54,60.29,Bull,True,430.17
2025-11,LRCX,IT,ADD,8.25,76.09,Bull,True,155.56
2025-11,MU,IT,ADD,8.82,81.36,Bull,True,236.38
2025-12,HCA,HC,BUY,7.0,44.85,Bull,False,465.47
2025-12,TSLA,CD,SELL,0.0,22.02,Bull,False,449.72
2025-12,AMD,IT,ADD,7.04,46.1,Bull,False,214.16
2025-12,KLAC,IT,ADD,9.26,60.66,Bull,False,1213.5
2025-12,NEM,MAT,ADD,12.09,79.15,Bull,False,99.65
2025-12,GOOGL,COM,ADD,9.83,64.37,Bull,False,312.58
2025-12,GE,IND,ADD,7.63,49.99,Bull,False,307.23
2025-12,LRCX,IT,ADD,11.58,75.8,Bull,False,170.69
2025-12,MU,IT,ADD,13.52,88.56,Bull,False,285.29
2025-12,AVGO,IT,ADD,14.06,92.05,Bull,False,345.44
2025-12,INTC,IT,ADD,7.98,52.26,Bull,False,36.9
2026-01,RTX,IND,BUY,7.0,47.9,Bull,False,200.26
2026-01,CAT,IND,BUY,7.0,47.19,Bull,False,655.83
2026-01,HCA,HC,SELL,0.0,44.99,Bull,False,487.54
2026-01,AVGO,IT,SELL,0.0,41.04,Bull,False,331.3
2026-01,AMD,IT,ADD,8.1,57.27,Bull,False,236.73
2026-01,NEM,MAT,ADD,14.2,100.36,Bull,False,112.12
2026-01,GOOGL,COM,TRIM,7.18,50.73,Bull,False,337.76
2026-01,GE,IND,ADD,8.77,61.96,Bull,False,306.34
2026-01,LRCX,IT,ADD,12.36,87.34,Bull,False,233.18
2026-01,MU,IT,ADD,17.34,122.54,Bull,False,414.88
2026-01,INTC,IT,ADD,8.63,61.0,Bull,False,46.47
2026-02,AMAT,IT,BUY,7.26,59.06,Bull,False,371.84
2026-02,FCX,MAT,BUY,7.0,53.4,Bull,False,68.08
2026-02,GM,CD,BUY,7.0,54.0,Bull,False,78.52
2026-02,RTX,IND,SELL,0.0,46.2,Bull,False,201.95
2026-02,GOOGL,COM,SELL,0.0,50.87,Bull,False,311.54
2026-02,GE,IND,SELL,0.0,41.58,Bull,False,341.76
2026-02,AMD,IT,ADD,8.77,71.38,Bull,False,200.21
2026-02,KLAC,IT,TRIM,8.21,66.82,Bull,False,1522.57
2026-02,NEM,MAT,TRIM,12.09,98.38,Bull,False,129.74
2026-02,LRCX,IT,ADD,13.11,106.71,Bull,False,233.61
2026-02,MU,IT,ADD,18.65,151.78,Bull,False,412.37
2026-02,INTC,IT,ADD,10.71,87.2,Bull,False,45.61
2026-03,GOOGL,COM,BUY,7.0,60.87,Bull,False,301.0
2026-03,GM,CD,SELL,0.0,48.16,Bull,False,72.81
2026-03,AMAT,IT,ADD,9.91,86.66,Bull,False,357.06
2026-03,AMD,IT,TRIM,7.95,69.56,Bull,False,201.33
2026-03,KLAC,IT,ADD,8.85,77.43,Bull,False,1498.67
2026-03,NEM,MAT,ADD,12.88,112.69,Bull,False,95.8
2026-03,MU,IT,TRIM,16.98,148.58,Bull,False,422.9
2026-03,CAT,IND,ADD,8.96,78.36,Bull,False,680.88
2026-03,INTC,IT,TRIM,7.47,65.34,Bull,False,43.87
